"name","Degree","Local_Clustering_Coefficient","Betweenness_Centrality","Closeness_Centrality","Eigenvector_Centrality","PageRank","K_core","Zi","Pi","type"
"OTU_1",9,0.194444444444444,119,0.0353874565018321,1.21309916102416e-16,0.00312580173266857,3,2.79124963860298,0,"Module hubs"
"OTU_10",2,0,1166,0.000188155705739719,1.7832662730303e-10,0.00113478822516705,1,-0.153714178853116,0,"Peripherals"
"OTU_100",14,0.230769230769231,8663,0.00042090134556383,0.0525183421007233,0.00290400531341966,5,2.04113321502201,0.13265306122449,"Peripherals"
"OTU_1003",1,0,0,1.2213151654384,5.63170940807032e-18,0.00123001230012325,1,0,0,"Peripherals"
"OTU_1007",2,0,133,0.000345107154579943,0.00712487426303366,0.000609683675790695,2,-0.900577398181458,0,"Peripherals"
"OTU_1008",9,0.305555555555556,1060,0.000423888080055213,0.185667745318403,0.00176881760790055,5,0.115163350151082,0,"Peripherals"
"OTU_101",7,0.19047619047619,2086,0.000404081806606851,0.0052454326640696,0.00193208793230828,3,1.02059143963542,0.244897959183674,"Peripherals"
"OTU_10117",1,0,0,0.00034900993619785,0.0273311898174924,0.000345173966499851,1,-0.802225572149362,0,"Peripherals"
"OTU_1019",2,0,152,0.000335763949261016,0.00268884650359492,0.000630052378612416,2,-0.663983094043305,0,"Peripherals"
"OTU_102",3,0.333333333333333,1166,0.000348063233885113,0.00104607442502448,0.00115153703983947,2,-0.577350269189626,0.444444444444444,"Peripherals"
"OTU_1020",2,0,225,0.000385619451636649,0.00509664837132823,0.000587510719673918,2,-0.881419879685137,0.5,"Peripherals"
"OTU_1026",1,0,0,0.000304998627224722,0.00170393009033458,0.000475160249738356,1,-0.923132662754102,0,"Peripherals"
"OTU_1027",1,0,0,1.23985378925134,8.92185691700451e-18,0.00123001230012325,1,0,0,"Peripherals"
"OTU_1038",1,0,0,1.22753564167208,4.77981119190225e-18,0.00123001230012325,1,0,0,"Peripherals"
"OTU_104",1,0,0,0.000334728692361688,0.000217684876291059,0.000517677599141475,1,-1.04638261415677,0,"Peripherals"
"OTU_1044",1,0,0,1.24928799510804,0,0.00123001230012325,1,0,0,"Peripherals"
"OTU_1045",1,0,0,0.413191587729565,6.49400226795909e-18,0.000949493293009227,1,-0.577350269189626,0,"Peripherals"
"OTU_1046",1,0,0,0.406303139549856,5.65132035366996e-18,0.000936494406841151,1,-0.577350269189626,0,"Peripherals"
"OTU_1050",4,0.5,36,0.000388620285731079,0.0311714609499008,0.000876747611020069,4,-0.610365755800732,0,"Peripherals"
"OTU_1052",2,0,1,0.613837263554392,8.41714005302481e-18,0.00179515308666594,1,1.15470053837925,0,"Peripherals"
"OTU_1054",1,0,0,0.000357638477107106,0.0680343447074858,0.000312694358005689,1,-0.802225572149362,0,"Peripherals"
"OTU_1056",1,0,0,0.394110050733263,7.5993752507759e-18,0.000934828733502605,1,-0.577350269189626,0,"Peripherals"
"OTU_107",28,0.211640211640212,5577,0.000429909357459703,0.949451080810003,0.0043457161600131,7,0.985798277293259,0.573979591836735,"Peripherals"
"OTU_1084",1,0,0,0.000266033973230248,5.09393431684849e-05,0.000550750733488386,1,-1.18661113133642,0,"Peripherals"
"OTU_1087",2,0,0,0.00036324485236499,0.0419736731295688,0.000498964327129538,2,-0.651081623773395,0,"Peripherals"
"OTU_1089",4,0.666666666666667,0,0.000364403975796194,0.0201043198389824,0.000926335851132973,3,-0.172143765122338,0,"Peripherals"
"OTU_1090",1,0,0,1.21565976476175,2.01335709978396e-18,0.00123001230012325,1,0,0,"Peripherals"
"OTU_1099",15,0.104761904761905,6572,0.000418176697751932,0.298133461291553,0.00317484780151712,6,0.255782066482405,0.648888888888889,"Connectors"
"OTU_110",1,0,0,1.22802297263,6.41656975439442e-18,0.00123001230012325,1,0,0,"Peripherals"
"OTU_1100",4,0.333333333333333,690,0.000429189534204797,0.0870847165112167,0.00083139084146924,3,-0.755471576991095,0.375,"Peripherals"
"OTU_1105",2,0,177,0.00038078566546521,0.00304105535330336,0.000627550800252701,2,-0.547722557505166,0,"Peripherals"
"OTU_1108",1,0,0,0.40769974609743,8.31685320335452e-18,0.00094759116919515,1,-0.577350269189626,0,"Peripherals"
"OTU_112",18,0.0915032679738562,9928,0.000419055636127797,0.104436040107056,0.00383711736632487,5,2.2870528794825,0.364197530864197,"Peripherals"
"OTU_1120",1,0,0,1.17591269428124,9.7199730545571e-19,0.00123001230012325,1,0,0,"Peripherals"
"OTU_1123",1,0,0,1.24809719512089,6.09744942491325e-18,0.00123001230012325,1,0,0,"Peripherals"
"OTU_1131",8,0.392857142857143,216,0.000385300408003166,0.157492020863147,0.00148165362631127,6,0.319695563798628,0.40625,"Peripherals"
"OTU_1134",1,0,0,1.19624039370018,5.58333411894478e-18,0.00123001230012325,1,0,0,"Peripherals"
"OTU_11398",1,0,0,0.000327721613321555,0.00118692790177078,0.00043124544837743,1,-0.909902758503789,0,"Peripherals"
"OTU_1142",2,0,562,0.000358461603088045,0.0304994918964189,0.000539158576111614,2,-0.802225572149362,0.5,"Peripherals"
"OTU_1143",1,0,0,1.21104600111517,6.44927757813543e-18,0.00123001230012325,1,0,0,"Peripherals"
"OTU_1147",6,0.133333333333333,8019,0.000228621018525306,3.49695822200673e-08,0.00278888786942165,2,2.30571268279674,0,"Peripherals"
"OTU_1149",1,0,0,1.18966614655175,0,0.00123001230012325,1,0,0,"Peripherals"
"OTU_115",7,0.0952380952380952,7973,0.000158267864646614,2.37320276622282e-13,0.00305957389716018,2,2.3513498578149,0,"Peripherals"
"OTU_1155",4,0.5,85,0.000366326369684499,0.0522199831893404,0.000897704542056501,3,-0.172143765122338,0,"Peripherals"
"OTU_1157",1,0,0,0.000332133847770907,0.0181980541833451,0.00034138064659688,1,-0.802225572149362,0,"Peripherals"
"OTU_116",3,0,11,0.135211944738224,7.94817111721318e-18,0.00201545146822405,1,1.35169067066875,0,"Peripherals"
"OTU_1161",1,0,0,1.2466803116971,5.23844827157116e-18,0.00123001230012325,1,0,0,"Peripherals"
"OTU_1162",10,0.288888888888889,442,0.00042344957827194,0.0994912156770554,0.00182754959886837,6,0.115163350151082,0.18,"Peripherals"
"OTU_1166",2,0,584,0.000314043916375291,0.000149538978625146,0.000931099744691742,1,-0.501017615821025,0,"Peripherals"
"OTU_1167",15,0.285714285714286,7796,0.000427512486902623,0.352617061833271,0.00276642728302709,6,0.565615228259112,0.666666666666667,"Connectors"
"OTU_117",27,0.190883190883191,7480,0.000443030414952716,0.843646553341356,0.00433555122862524,7,1.42111574086435,0.493827160493827,"Peripherals"
"OTU_11707",1,0,0,1.22665505431171,9.08788976772616e-18,0.00123001230012325,1,0,0,"Peripherals"
"OTU_1173",1,0,0,0.112647020755168,5.75332264868922e-18,0.000770582201101264,1,-0.816496580927726,0,"Peripherals"
"OTU_1177",2,0,584,0.000370731445230365,0.0290559981284619,0.000779584597318706,1,-0.707106781186547,0.5,"Peripherals"
"OTU_1182",1,0,0,1.18003375001775,4.68499247488438e-18,0.00123001230012325,1,0,0,"Peripherals"
"OTU_119",3,0,8,0.17650944334511,1.29373319758206e-17,0.00208435243496285,1,1.63299316185545,0,"Peripherals"
"OTU_1191",1,0,0,0.016240149423382,1.34405465107703e-17,0.000554992836816672,1,-0.960189875679424,0,"Peripherals"
"OTU_1201",2,0,17,0.000371835302434787,0.0177062096523061,0.000529489796293525,2,-0.900577398181458,0,"Peripherals"
"OTU_1202",3,0.666666666666667,0,0.000349012544697474,0.00269679030540081,0.000760463649417054,3,-0.418063429582822,0,"Peripherals"
"OTU_1205",1,0,0,0.000266710189032814,7.91688983810483e-05,0.00060619679848096,1,-0.644658371220304,0,"Peripherals"
"OTU_1207",2,0,584,0.000274411880891574,9.43418600270878e-06,0.000992874123082465,1,-0.501017615821025,0,"Peripherals"
"OTU_121",10,0.155555555555556,3034,0.000381778055377727,0.00227997077003182,0.00288801186751155,4,2.54220049509187,0,"Module hubs"
"OTU_122",1,0,0,0.000273740179415689,1.09175956992314e-05,0.000598594309206008,1,-0.881419879685137,0,"Peripherals"
"OTU_1224",1,0,0,0.000187907548575189,1.83518332432753e-10,0.000559264504572891,1,-0.768570894265581,0,"Peripherals"
"OTU_1226",3,0,1166,0.000200820646558457,3.34518440486281e-10,0.00144509760166051,2,0.257307200202485,0,"Peripherals"
"OTU_1229",2,0,584,0.000227195889754753,3.15434423055559e-08,0.00117934532548447,1,-0.153714178853116,0,"Peripherals"
"OTU_123",3,0,9,0.121539381015687,7.89732769166132e-18,0.00207890299675679,1,1.35169067066875,0,"Peripherals"
"OTU_1231",2,0,584,0.00017273193824709,1.22026248759907e-11,0.00129599126797933,1,-0.153714178853116,0,"Peripherals"
"OTU_1239",4,0.166666666666667,1384,0.000365153708566382,0.00108252476483534,0.00132646520762246,3,0.259786911907198,0,"Peripherals"
"OTU_1249",1,0,0,0.000220846522532482,4.92449495072008e-07,0.000617310621229504,1,-0.726273039202563,0,"Peripherals"
"OTU_1252",8,0.5,224,0.000404413622788739,0.260614143179881,0.00138146182713912,6,0.104638118106439,0.21875,"Peripherals"
"OTU_1255",4,0.166666666666667,3298,0.000356168823827466,0.0181884717886879,0.00134534025999693,3,-0.418063429582822,0.375,"Peripherals"
"OTU_1257",1,0,0,1.22101870206998,5.2168418556918e-18,0.00123001230012325,1,0,0,"Peripherals"
"OTU_126",14,0.241758241758242,5089,0.000419241164965566,0.258037007028279,0.00272418439094925,6,0.811534892719595,0.571428571428571,"Peripherals"
"OTU_1264",1,0,0,0.000137893351606139,1.46439574778661e-15,0.000527448036790505,1,-0.873358518616963,0,"Peripherals"
"OTU_1266",1,0,0,0.000247233946245555,8.2101603119364e-05,0.000588359121332448,1,-1.20455918504371,0,"Peripherals"
"OTU_127",3,0,11631,0.000316509412526175,2.13678564288286e-05,0.00148351375710676,2,0.257307200202485,0,"Peripherals"
"OTU_1272",1,0,0,1.23301537389779,2.58059991770646e-18,0.00123001230012325,1,0,0,"Peripherals"
"OTU_1277",2,0,239,0.000352568039416101,0.00291224507699563,0.000657042168354562,2,-0.881419879685137,0.5,"Peripherals"
"OTU_1278",1,0,0,1.2177949075271,3.88807294315719e-18,0.00123001230012325,1,0,0,"Peripherals"
"OTU_128",7,0.0952380952380952,14297,0.000267722023339461,7.8668362287289e-07,0.0027991759348321,2,2.86468682892099,0,"Module hubs"
"OTU_1287",1,0,0,1.22753564167208,3.81125042474063e-18,0.00123001230012231,1,0,0,"Peripherals"
"OTU_1288",1,0,0,0.000121663886514009,1.95265111210766e-17,0.000678928009549726,1,-0.873358518616963,0,"Peripherals"
"OTU_1289",1,0,0,0.407899086319248,5.87886724601685e-18,0.000943624458274618,1,-0.577350269189626,0,"Peripherals"
"OTU_1297",1,0,0,0.000227350224910837,3.10903480051538e-08,0.000590663115568532,1,-0.768570894265581,0,"Peripherals"
"OTU_13",13,0.153846153846154,14744,0.000466444897228633,0.073928155494852,0.00277272683626689,5,-0.175048292229644,0.591715976331361,"Peripherals"
"OTU_130",3,0.333333333333333,584,0.000246330428957088,7.35015633606364e-06,0.00161816597852746,2,0.544704779401922,0,"Peripherals"
"OTU_1301",2,0,281,0.000352363179240252,0.00410087504134222,0.000571150378004731,2,-0.909902758503789,0.5,"Peripherals"
"OTU_1307",5,0.3,586,0.000147765979040847,2.11323031319283e-14,0.00201168696990109,2,1.27644706567095,0,"Peripherals"
"OTU_1309",1,0,0,0.000286780388712074,0.00132260913172932,0.000465835534283199,1,-0.802225572149362,0,"Peripherals"
"OTU_131",2,0,2,0.291991163062372,5.38023486252764e-18,0.00159296886415436,1,0.866025403784439,0,"Peripherals"
"OTU_1310",2,0,584,0.000363746960371797,0.000888304867804913,0.000890541215094527,1,-0.501017615821025,0,"Peripherals"
"OTU_1315",2,0,1166,0.000346113167668679,0.0290520354214895,0.00081224416994772,1,-0.651081623773395,0,"Peripherals"
"OTU_1324",2,0,584,0.000147275182078461,1.61574693854711e-14,0.00110543147515925,1,-0.335907122544986,0,"Peripherals"
"OTU_1326",1,0,0,1.23541314795461,3.09924912070485e-18,0.00123001230012325,1,0,0,"Peripherals"
"OTU_133",1,0,0,0.000205000789556969,2.14939172813986e-09,0.00067945711576492,1,-0.768570894265581,0,"Peripherals"
"OTU_1331",1,0,0,0.000290014759159546,0.0017192373043128,0.00045091046191063,1,-0.909902758503789,0,"Peripherals"
"OTU_1332",1,0,0,0.387856883933643,6.08664511483663e-18,0.000953046203761366,1,-0.577350269189626,0,"Peripherals"
"OTU_1338",1,0,0,0.000137783546352962,1.49207248850122e-15,0.000531189651377142,1,-0.873358518616963,0,"Peripherals"
"OTU_134",16,0.216666666666667,3439,0.000418361094510163,0.402333462278675,0.00310008691690705,6,0.406926014858372,0.5859375,"Peripherals"
"OTU_1341",1,0,0,0.000257927616091384,2.05809904101198e-06,0.000677833174481183,1,-0.881419879685137,0,"Peripherals"
"OTU_1354",2,0,2324,0.000365582773540363,0.00787681811694598,0.000813282291527554,1,-0.956182887467515,0.5,"Peripherals"
"OTU_1356",6,0.133333333333333,2163,0.000319106793504009,0.00170514836820064,0.00223145194294696,3,0.319695563798628,0,"Peripherals"
"OTU_1357",1,0,0,1.15880109751029,2.24804083884122e-18,0.00123001230012325,1,0,0,"Peripherals"
"OTU_136",4,0.333333333333333,1678,0.000295162592613195,1.01176106853926e-05,0.00156556446552561,2,0.259786911907198,0,"Peripherals"
"OTU_1374",1,0,0,0.000244063220575966,0.000215403308822054,0.000519966070571603,1,-0.802225572149362,0,"Peripherals"
"OTU_1375",1,0,0,1.18723067113229,4.3440506211437e-18,0.00123001230012325,1,0,0,"Peripherals"
"OTU_1379",9,0.222222222222222,2890,0.000415314247466311,0.237614580647957,0.00172611587455934,5,-0.0299424710392811,0.197530864197531,"Peripherals"
"OTU_138",4,0.166666666666667,3644,0.000354198278919317,0.0110690303714456,0.00122368807519584,2,-0.418063429582822,0.375,"Peripherals"
"OTU_1382",2,0,1,0.583209857947349,1.20643350250158e-17,0.00179515308666546,1,1.15470053837925,0,"Peripherals"
"OTU_139",6,0.2,733,0.000370227114904378,0.200077521690648,0.00123788141508015,4,-0.0465058302695282,0,"Peripherals"
"OTU_1395",2,1,0,0.000386533357540739,0.0150919405724356,0.000502286903117207,2,-0.900577398181458,0,"Peripherals"
"OTU_140",10,0.311111111111111,3862,0.000430592563402348,0.0759517943537306,0.00202291473602996,5,0.811534892719595,0.32,"Peripherals"
"OTU_1405",5,0.3,2838,0.000158195240092004,2.46800230235796e-13,0.00194781387954477,2,1.27644706567095,0,"Peripherals"
"OTU_1410",3,0.666666666666667,84,0.000390075863331095,0.1380323240489,0.000654436656447711,2,-0.900577398181458,0.444444444444444,"Peripherals"
"OTU_1411",2,0,37,0.000325300088633914,9.30983185529454e-05,0.00078336236944995,2,-0.501017615821025,0,"Peripherals"
"OTU_1412",1,0,0,1.22965966942525,4.21613573798282e-18,0.00123001230012325,1,0,0,"Peripherals"
"OTU_1413",2,0,66,0.00037086394576284,0.00335041134956099,0.000621621252881747,2,-0.881419879685137,0.5,"Peripherals"
"OTU_1414",1,0,0,0.000344983037142254,0.00824590346493743,0.000356495222178827,1,-1.04568321937182,0,"Peripherals"
"OTU_142",5,0.3,64,0.000399807556169207,0.00986043958038616,0.00116157812641849,4,-0.172143765122338,0.32,"Peripherals"
"OTU_1429",12,0.212121212121212,1769,0.000413289707701991,0.054583083035441,0.00255129904907927,5,0.260269171341445,0.291666666666667,"Peripherals"
"OTU_1430",3,0,175,0.000349426149044774,0.00414781499784196,0.000804411377166791,2,-0.755471576991095,0,"Peripherals"
"OTU_1436",1,0,0,0.000236042890425704,5.64035084692112e-08,0.000537467219687009,1,-1.04638261415677,0,"Peripherals"
"OTU_144",1,0,0,1.21104600111517,7.83886787003074e-18,0.00123001230012231,1,0,0,"Peripherals"
"OTU_1454",1,0,0,0.389790152988173,8.76912726993668e-18,0.000960055080200182,1,-0.577350269189626,0,"Peripherals"
"OTU_1456",2,0,584,0.000129503523634874,1.00725139713787e-16,0.00127126788670693,1,-0.335907122544986,0,"Peripherals"
"OTU_146",11,0.145454545454545,9777,0.000417657672796407,0.0150036024764643,0.00263554216930886,5,1.05745455718008,0.314049586776859,"Peripherals"
"OTU_1460",9,0.25,1291,0.000418044405730035,0.146618175050011,0.00160106435388865,6,0.115163350151082,0,"Peripherals"
"OTU_1466",7,0.333333333333333,94,0.000360139873603925,0.0100979438082828,0.00159829246907737,4,0.565615228259112,0,"Peripherals"
"OTU_1468",2,0,584,0.000297205504343604,0.00113474246908007,0.00107493049750638,1,0.577350269189626,0,"Peripherals"
"OTU_1469",5,0.3,608,0.000147671353253605,2.11410496486603e-14,0.00201594316259699,2,1.27644706567095,0,"Peripherals"
"OTU_147",4,0.333333333333333,138,0.000378452587627835,0.0561725648865604,0.000924702730692993,3,-0.755471576991095,0.375,"Peripherals"
"OTU_1477",5,0.6,2654,0.000360869934668363,0.00628253993721768,0.00123578479889227,4,0.073775899338145,0,"Peripherals"
"OTU_1481",1,0,0,0.09507781018835,8.65211400664538e-18,0.00080268445605685,1,-0.816496580927726,0,"Peripherals"
"OTU_1482",1,0,0,0.000313899929482401,0.00202946769366675,0.000522798250151071,1,-0.707106781186547,0,"Peripherals"
"OTU_1487",1,0,0,0.000352322420583266,0.00742476344510794,0.000351309824539985,1,-1.04568321937182,0,"Peripherals"
"OTU_1494",1,0,0,1.21556976698574,2.47735315262878e-18,0.00123001230012325,1,0,0,"Peripherals"
"OTU_150",3,0.333333333333333,584,0.000232934339844292,1.12486802106372e-07,0.00133126434810038,2,0.257307200202485,0,"Peripherals"
"OTU_1501",1,0,0,1.20940243028046,2.34866810849314e-18,0.00123001230012325,1,0,0,"Peripherals"
"OTU_1505",8,0.392857142857143,389,0.000413883538506484,0.126506849692487,0.00139941011320923,5,-0.0299424710392811,0,"Peripherals"
"OTU_1509",1,0,0,0.407752924751245,5.91309959212931e-18,0.000947292644507653,1,-0.577350269189626,0,"Peripherals"
"OTU_1516",23,0.217391304347826,3033,0.000423751706042773,0.739908791116759,0.0037417940366153,7,1.31378970511417,0.499054820415879,"Peripherals"
"OTU_152",14,0.263736263736264,1968,0.00038804530558667,0.457280771878587,0.00236433852516534,6,0.406926014858372,0.520408163265306,"Peripherals"
"OTU_1528",1,0,0,1.22988003300547,9.04725827760278e-18,0.00123001230012325,1,0,0,"Peripherals"
"OTU_153",4,0.166666666666667,261,0.000388546808904302,0.00818788982213407,0.00102323366940598,3,-1.09544511501033,0.625,"Connectors"
"OTU_1530",2,0,13446,0.000327945821609213,9.20937968367993e-05,0.000884159127955841,2,-0.768570894265581,0.5,"Peripherals"
"OTU_1531",1,0,0,1.21806848671844,6.90469652745566e-18,0.00123001230012325,1,0,0,"Peripherals"
"OTU_1536",1,0,0,1.22802297263,0,0.00123001230012231,1,0,0,"Peripherals"
"OTU_1538",7,0.571428571428571,472,0.000432085372388642,0.164075788676943,0.00136642637482213,5,-0.320154113420007,0.244897959183674,"Peripherals"
"OTU_1543",1,0,0,0.405124197595407,8.71090902850964e-18,0.000941775611581931,1,-0.577350269189626,0,"Peripherals"
"OTU_1549",1,0,0,0.0192303420076966,8.37392839870431e-18,0.000548878149209487,1,-0.960189875679424,0,"Peripherals"
"OTU_1553",14,0.340659340659341,430,0.000422377797498969,0.576427234513875,0.0021384199942136,7,0.260269171341445,0.408163265306122,"Peripherals"
"OTU_1560",1,0,0,0.000261511198837282,9.90272303864475e-05,0.000611579768991483,1,-0.931588505112178,0,"Peripherals"
"OTU_1564",1,0,0,1.2303474076154,6.92706402023695e-18,0.00123001230012325,1,0,0,"Peripherals"
"OTU_1566",1,0,0,0.000349965442454296,0.00703684046571154,0.000362346941078139,1,-0.909902758503789,0,"Peripherals"
"OTU_157",1,0,0,1.21138594078957,6.52397520390537e-18,0.00123001230012325,1,0,0,"Peripherals"
"OTU_1579",4,0.666666666666667,3,0.000366800903251492,0.0590491175651643,0.00085750981170086,4,-0.267679818898603,0.375,"Peripherals"
"OTU_158",2,0,73,0.000302242522659228,3.55146980709142e-05,0.000776398299071468,2,-0.501017615821025,0,"Peripherals"
"OTU_1580",1,0,0,1.22101870206998,4.62425101072051e-18,0.00123001230012231,1,0,0,"Peripherals"
"OTU_1583",1,0,0,0.000293809061164879,3.01498023879625e-05,0.000585008667084641,1,-0.881419879685137,0,"Peripherals"
"OTU_1586",2,0,11,0.000341485249919918,0.00262724878911641,0.000708677688855503,2,-0.5,0,"Peripherals"
"OTU_159",4,0,1224,0.00040183384343282,0.0254145700266674,0.00112883586543965,2,-0.5,0.625,"Connectors"
"OTU_160",27,0.216524216524217,7435,0.000461240611906133,0.961034237017716,0.00419768888903221,7,1.56622156205471,0.436213991769547,"Peripherals"
"OTU_1613",1,0,0,1.23135381205847,1.82651071460812e-18,0.00123001230012325,1,0,0,"Peripherals"
"OTU_1615",5,0.1,877,0.000399026080705299,0.0753829678174124,0.00115169269252075,4,-0.736119501971158,0.64,"Connectors"
"OTU_1616",7,0.238095238095238,8326,0.000398543194718317,0.00603681915308333,0.00181022584553045,4,0.64018917577131,0.448979591836735,"Peripherals"
"OTU_162",1,0,0,0.000360281254444915,0.0530786843586592,0.000322594159576498,1,-0.802225572149362,0,"Peripherals"
"OTU_1620",1,0,0,0.000298572953199709,5.34491506387021e-05,0.000478964219145337,1,-0.881419879685137,0,"Peripherals"
"OTU_1621",1,0,0,1.15848648861051,4.85897173639834e-18,0.00123001230012325,1,0,0,"Peripherals"
"OTU_1627",2,1,0,0.000293952184959561,0.00031556566977661,0.000776647989967575,2,-0.663983094043305,0,"Peripherals"
"OTU_163",1,0,0,0.000346229877867704,0.0186968691809962,0.000345892646473749,1,-0.909902758503789,0,"Peripherals"
"OTU_1630",1,0,0,1.21316072452,2.86989644885298e-18,0.00123001230012325,1,0,0,"Peripherals"
"OTU_1633",1,0,0,0.406821818536051,3.99837287810712e-18,0.000960961558958697,1,-0.577350269189626,0,"Peripherals"
"OTU_164",1,0,0,0.000249169814565735,8.27093657996147e-07,0.000607878467861913,1,-0.768570894265581,0,"Peripherals"
"OTU_1640",1,0,0,1.2060189966134,5.29052192839359e-18,0.00123001230012325,1,0,0,"Peripherals"
"OTU_1647",1,0,0,0.000351557449129185,0.0117652723106595,0.000354915040578768,1,-1.04568321937182,0,"Peripherals"
"OTU_165",3,0.333333333333333,27,0.000333682125582207,0.0184625292041413,0.000713194213045319,3,-0.267679818898603,0,"Peripherals"
"OTU_1655",2,0,9,0.000280851430925264,0.000153860832228967,0.00082324621695144,2,-0.663983094043305,0,"Peripherals"
"OTU_1656",3,0,282,0.000352593263536499,0.0197176515203386,0.000915578268797471,2,-0.418063429582822,0,"Peripherals"
"OTU_1657",3,0,1192,0.000344610867479129,0.00564271528582941,0.000978508140822455,2,-0.418063429582822,0,"Peripherals"
"OTU_166",3,0,12066,0.000400898224585782,0.00308666516149389,0.00114372067401993,2,-0.394537706977143,0.444444444444444,"Peripherals"
"OTU_1663",1,0,0,1.22359360873604,1.04727129271392e-17,0.00123001230012325,1,0,0,"Peripherals"
"OTU_1666",1,0,0,1.2466803116971,1.05133179933582e-18,0.00123001230012231,1,0,0,"Peripherals"
"OTU_1668",5,0.2,1576,0.000316950897687496,0.000133712291068187,0.00168522392542489,3,0.64018917577131,0,"Peripherals"
"OTU_1669",2,0,584,0.000242955635897461,7.42714857046125e-07,0.00127201728726059,1,-0.501017615821025,0,"Peripherals"
"OTU_1678",8,0.178571428571429,1044,0.000426877342629606,0.0701447995175704,0.00168114045157057,5,-0.175048292229644,0.21875,"Peripherals"
"OTU_1685",3,0.333333333333333,1166,0.000364186286179965,0.0709291637869259,0.000871051764702988,2,-0.651081623773395,0.444444444444444,"Peripherals"
"OTU_1687",2,0,8,0.000355786797060502,0.0359821032487844,0.000487329257134478,2,-0.900577398181458,0,"Peripherals"
"OTU_1691",13,0.243589743589744,4929,0.000445575777835393,0.321846281809814,0.00223833308558556,6,0.260269171341445,0.390532544378698,"Peripherals"
"OTU_1698",1,0,0,1.21534518352025,3.40225728965833e-18,0.00123001230012325,1,0,0,"Peripherals"
"OTU_1699",5,0.1,2327,0.000350040757659057,0.0236320683896812,0.0017248627683183,2,0.358568582800318,0.56,"Peripherals"
"OTU_17",20,0.178947368421053,9415,0.000471431047154939,0.151334087842025,0.00380298279818159,5,1.27600991967398,0.265,"Peripherals"
"OTU_170",3,0.333333333333333,584,0.00028951976535973,1.12583565620465e-05,0.00130746122664198,2,-0.120615351956913,0,"Peripherals"
"OTU_1702",1,0,0,0.000249302300439976,1.64383879805449e-05,0.000528682885631022,1,-0.909902758503789,0,"Peripherals"
"OTU_173",2,0,584,0.000256838358166485,6.73228294391958e-07,0.00119935927008631,1,-0.501017615821025,0,"Peripherals"
"OTU_1737",1,0,0,0.402434919596421,4.81343176301812e-18,0.000958389406861639,1,-0.577350269189626,0,"Peripherals"
"OTU_174",1,0,0,0.411656423350433,7.37324555593702e-18,0.000933922254743243,1,-0.577350269189626,0,"Peripherals"
"OTU_1742",2,0,5,0.101737449689858,1.35545617425144e-17,0.00142839802038999,1,0.300375704593055,0,"Peripherals"
"OTU_1743",1,0,0,1.24931286508003,5.44752433449122e-18,0.00123001230012325,1,0,0,"Peripherals"
"OTU_1744",2,1,0,0.000375206493963995,0.0785403307038798,0.00051031022966799,2,-0.900577398181458,0,"Peripherals"
"OTU_1745",1,0,0,1.24371385997885,0,0.00123001230012325,1,0,0,"Peripherals"
"OTU_1748",1,0,0,1.2060189966134,4.39812744951332e-18,0.00123001230012231,1,0,0,"Peripherals"
"OTU_175",15,0.304761904761905,1804,0.000423381972633311,0.481689435774756,0.00251082650274404,7,0.709213911610305,0.417777777777778,"Peripherals"
"OTU_1755",2,0,584,0.000371389312506409,0.0134944392815197,0.000793253512628067,1,-0.707106781186547,0.5,"Peripherals"
"OTU_1759",1,0,0,1.22297055865118,7.22457945355554e-18,0.00123001230012325,1,0,0,"Peripherals"
"OTU_1766",5,0.5,63,0.000369908204404099,0.0946126580608925,0.00098912622539809,4,-0.267679818898603,0.48,"Peripherals"
"OTU_1771",1,0,0,1.15880109751029,1.59932164197317e-18,0.00123001230012231,1,0,0,"Peripherals"
"OTU_1774",2,0,0,0.000321345216515386,0.000163031929851332,0.000763154228247879,2,-0.501017615821025,0,"Peripherals"
"OTU_178",21,0.238095238095238,2284,0.00041280503332364,0.522078969306176,0.00350536426525694,7,1.56622156205471,0.172335600907029,"Peripherals"
"OTU_1783",2,0,208,0.000344876657700414,0.000930106065761231,0.000686704887717266,2,-0.501017615821025,0,"Peripherals"
"OTU_1785",1,0,0,1.21316072452,5.32248001149838e-18,0.00123001230012231,1,0,0,"Peripherals"
"OTU_179",2,0,19,0.0220676613726656,2.54795686949727e-17,0.00106233744208851,1,-0.491259936394124,0,"Peripherals"
"OTU_1792",2,1,0,0.000186081758790461,2.21215313681957e-10,0.00102067197159954,2,-0.153714178853116,0,"Peripherals"
"OTU_1797",1,0,0,0.000332496827554211,0.00169342461810968,0.00051343743367749,1,-0.707106781186547,0,"Peripherals"
"OTU_18",1,0,0,1.21138594078957,3.41197059368908e-18,0.00123001230012231,1,0,0,"Peripherals"
"OTU_1801",1,0,0,0.398955130260986,7.40625632358076e-18,0.000949198440759518,1,-0.577350269189626,0,"Peripherals"
"OTU_1809",2,1,0,0.000350408334951461,0.123698128944923,0.000437750213286023,2,-0.651081623773395,0,"Peripherals"
"OTU_1810",18,0.228758169934641,7991,0.000460572128109998,0.504656630539817,0.00302022151086957,7,1.27600991967398,0.104938271604938,"Peripherals"
"OTU_1814",1,0,0,1.24928799510804,2.11432663087612e-18,0.00123001230012231,1,0,0,"Peripherals"
"OTU_1820",1,0,0,0.000371060828262287,0.00251863990742061,0.000416526787381069,1,-1.09544511501033,0,"Peripherals"
"OTU_1829",1,0,0,1.13529109614928,4.66442794465558e-18,0.00123001230012325,1,0,0,"Peripherals"
"OTU_183",12,0.166666666666667,8716,0.000373059040807243,0.0022404330319693,0.00360587875837519,4,3.30300502282009,0,"Module hubs"
"OTU_1837",1,0,0,1.22359360873604,8.27965141279971e-19,0.00123001230012231,1,0,0,"Peripherals"
"OTU_1838",1,0,0,1.15234620913781,7.53857844829893e-18,0.00123001230012325,1,0,0,"Peripherals"
"OTU_184",5,1,0,0.000373524653880049,0.277933451990913,0.000835855960241785,5,-0.348793727021462,0.32,"Peripherals"
"OTU_185",1,0,0,1.22622760990822,3.62656485776847e-18,0.00123001230012325,1,0,0,"Peripherals"
"OTU_1852",2,0,584,0.000305413083546757,0.00116499715112967,0.00100438787386816,1,-0.080582296402538,0,"Peripherals"
"OTU_1853",1,0,0,0.000179360197651194,2.00257684495947e-11,0.000664260843629987,1,-1.04638261415677,0,"Peripherals"
"OTU_1868",1,0,0,1.22311780811717,3.42649384240371e-18,0.00123001230012325,1,0,0,"Peripherals"
"OTU_187",12,0.181818181818182,5248,0.000422646585804335,0.171935147872201,0.0024253962827954,5,0.115163350151082,0.375,"Peripherals"
"OTU_1872",3,0.333333333333333,1746,0.000262278177218112,5.79873818408441e-05,0.00148914455121956,2,0.847579379526013,0,"Peripherals"
"OTU_1877",2,0,584,0.000394765342111411,0.0249583654878452,0.000776902754408507,1,-0.707106781186547,0.5,"Peripherals"
"OTU_188",10,0.133333333333333,3636,0.000328167802632368,0.00280335390002856,0.00315706512428168,3,1.30337422164056,0,"Peripherals"
"OTU_1886",1,0,0,0.407029357892095,5.32196711393052e-18,0.000923294220995947,1,-0.577350269189626,0,"Peripherals"
"OTU_1887",2,0,584,0.000345258537007593,0.00762719168102621,0.000809311435826755,1,-0.707106781186547,0.5,"Peripherals"
"OTU_1888",1,0,0,1.22965966942525,9.09533361434015e-18,0.00123001230012231,1,0,0,"Peripherals"
"OTU_1891",1,0,0,0.000325294253921884,0.000212658234624708,0.000539602856340276,1,-0.909902758503789,0,"Peripherals"
"OTU_19",3,0.666666666666667,0,0.000403290573858598,0.0312338202688321,0.000704010557124256,3,-0.755471576991095,0,"Peripherals"
"OTU_190",5,0.6,122,0.000379007685768672,0.134556721433221,0.00093377767301187,5,-0.651081623773395,0.64,"Connectors"
"OTU_192",1,0,0,0.000137614613611688,1.10947322710261e-15,0.000656007150343247,1,-0.873358518616963,0,"Peripherals"
"OTU_1929",6,0.333333333333333,598,0.000338899941234721,0.0679871925448177,0.00135316918756673,4,-0.0465058302695282,0,"Peripherals"
"OTU_1932",1,0,0,1.24941969329287,4.30320144870543e-18,0.00123001230012325,1,0,0,"Peripherals"
"OTU_1933",8,0.142857142857143,9098,0.000458661204488278,0.0728141990930732,0.00160338801657543,5,0.073775899338145,0.46875,"Peripherals"
"OTU_1941",3,1,0,0.00039493905714483,0.0191321934746854,0.00068704434370284,3,-0.755471576991095,0,"Peripherals"
"OTU_1959",1,0,0,0.000289721040260269,0.000378272975040848,0.000580529509857536,1,-0.707106781186547,0,"Peripherals"
"OTU_196",2,0,1746,0.000314973516595641,0.000160785111126557,0.00091656945681079,1,-0.501017615821025,0,"Peripherals"
"OTU_1961",1,0,0,0.000204897639803088,2.16097721105459e-09,0.000687878899816805,1,-0.768570894265581,0,"Peripherals"
"OTU_1981",2,0,60,0.000337597158536763,0.0222065888665835,0.000622211579295644,2,-0.802225572149362,0.5,"Peripherals"
"OTU_1989",3,1,0,0.000371271692963494,0.134051584809011,0.000648446094446116,3,-0.651081623773395,0.444444444444444,"Peripherals"
"OTU_199",2,0,1166,0.000294130914692069,9.45916222855548e-06,0.0010063558365581,1,-0.501017615821025,0,"Peripherals"
"OTU_1993",1,0,0,0.0717363608661887,9.21859552860768e-18,0.00079565955525453,1,-0.750939261482638,0,"Peripherals"
"OTU_2",2,1,0,0.000300618744815819,0.00201117571134997,0.000857869046972793,2,-0.263752189358315,0,"Peripherals"
"OTU_2009",4,0.666666666666667,25,0.000358537225186438,0.0553815614514379,0.000844977461074981,4,-0.499937675397428,0.375,"Peripherals"
"OTU_2013",3,0.333333333333333,1032,0.000363710499044536,0.000916095015182123,0.00100932037399913,2,-0.120615351956913,0,"Peripherals"
"OTU_2014",2,0,1,0.598891957035281,1.4849611261269e-17,0.00179515308666546,1,1.15470053837925,0,"Peripherals"
"OTU_2020",2,0,1746,0.000137364527575041,1.58971149318221e-15,0.00102726019544956,1,-0.335907122544986,0,"Peripherals"
"OTU_2024",1,0,0,1.23521330844424,3.34539314326504e-18,0.00123001230012325,1,0,0,"Peripherals"
"OTU_2026",3,0,692,0.000331967411139422,0.0194829603320903,0.000998353874856947,2,-0.499937675397428,0,"Peripherals"
"OTU_203",4,0.333333333333333,1166,0.000187265628584954,2.24352461695308e-10,0.00191577937713072,2,1.07599925197181,0,"Peripherals"
"OTU_2037",1,0,0,0.000237950735193425,5.25816648198902e-08,0.000513550649388538,1,-1.04638261415677,0,"Peripherals"
"OTU_204",4,0.166666666666667,688,0.000323156129811033,0.000230299081239409,0.00134776844165793,2,0.259786911907198,0,"Peripherals"
"OTU_2042",4,0.5,3,0.00035327877808605,0.00330471477113896,0.000970560928701792,3,-0.172143765122338,0,"Peripherals"
"OTU_2047",1,0,0,1.22387517306968,2.44435585706893e-18,0.00123001230012325,1,0,0,"Peripherals"
"OTU_2051",3,0,1167,0.000129005457885754,1.15867401000874e-16,0.00182540212316706,1,0.201544273526992,0,"Peripherals"
"OTU_2053",1,0,0,0.0001588697458258,1.05349112703369e-12,0.000682643476472758,1,-0.768570894265581,0,"Peripherals"
"OTU_2055",3,0,831,0.000300955479871499,0.00157829575634997,0.00132289020934668,2,1.22474487139159,0,"Peripherals"
"OTU_206",6,0.133333333333333,18818,0.000242067547290269,6.24064577947793e-08,0.00249832353617015,2,2.21284192174137,0,"Peripherals"
"OTU_2067",2,0,584,0.000195934479647978,2.9688177033967e-10,0.00119191333440664,1,-0.394537706977143,0,"Peripherals"
"OTU_2069",12,0.318181818181818,2127,0.000415164278587371,0.272589837006239,0.00229672915278308,6,0.319695563798628,0.611111111111111,"Peripherals"
"OTU_207",8,0.571428571428571,0,0.000410296807109412,0.315945275462899,0.00142801871587921,6,-0.0465058302695282,0.375,"Peripherals"
"OTU_2072",1,0,0,0.000261057573363091,0.000100430397781565,0.000617631254181504,1,-0.931588505112178,0,"Peripherals"
"OTU_208",5,0.1,15644,0.000452558617094781,0.0362854452290992,0.00134106729663125,3,-0.547722557505166,0.64,"Connectors"
"OTU_2082",1,0,0,0.000334987986020316,0.00516522049733109,0.000377849921488922,1,-1.20455918504371,0,"Peripherals"
"OTU_209",1,0,0,1.2342233334808,0,0.00123001230012325,1,0,0,"Peripherals"
"OTU_2093",1,0,0,1.23241538291688,9.16677393940368e-18,0.00123001230012325,1,0,0,"Peripherals"
"OTU_2097",1,0,0,0.000168133624956225,1.61645677216239e-12,0.000687801400136981,1,-1.04638261415677,0,"Peripherals"
"OTU_210",3,0.333333333333333,23,0.000311557873667513,0.000104395172694198,0.00106078915870045,2,-0.120615351956913,0,"Peripherals"
"OTU_2101",1,0,0,0.000340833130879496,0.00212472654142704,0.000370036359368799,1,-1.04568321937182,0,"Peripherals"
"OTU_2104",1,0,0,1.21549196674125,2.29668662043977e-18,0.00123001230012325,1,0,0,"Peripherals"
"OTU_2116",1,0,0,0.000271744776204509,3.66530305103467e-05,0.000636173338482154,1,-0.956182887467515,0,"Peripherals"
"OTU_212",7,0.142857142857143,4058,0.000206098899220046,2.73165991044731e-09,0.00323888966100104,2,2.92056939820921,0,"Module hubs"
"OTU_2121",2,0,584,0.000226888256184457,3.193595292861e-08,0.00117735872773833,1,-0.153714178853116,0,"Peripherals"
"OTU_214",1,0,0,0.000281313599907872,8.98274240907612e-05,0.000512657857705569,1,-0.909902758503789,0,"Peripherals"
"OTU_2162",2,0,584,0.00033464194481029,0.00527261758280271,0.000848552916161622,1,-0.707106781186547,0.5,"Peripherals"
"OTU_2163",14,0.241758241758242,1716,0.00040274842241528,0.29704944095117,0.00248206883255411,6,0.695586634912533,0.13265306122449,"Peripherals"
"OTU_2164",2,0,584,0.000317490623833459,0.000151637370093262,0.000942758250208683,1,-0.501017615821025,0,"Peripherals"
"OTU_2166",1,0,0,1.22230114285782,3.29033491328817e-18,0.00123001230012325,1,0,0,"Peripherals"
"OTU_2186",1,0,0,0.000296068916212032,0.000447734913824002,0.000542275395078537,1,-0.707106781186547,0,"Peripherals"
"OTU_219",3,0,12178,0.000363368801606049,0.000300391900527124,0.00120372879824456,2,-0.394537706977143,0.444444444444444,"Peripherals"
"OTU_2200",4,0.166666666666667,1636,0.000335915762795061,0.000175824250004914,0.00131790114058247,3,0.259786911907198,0,"Peripherals"
"OTU_221",7,0.142857142857143,15383,0.000384217901892501,0.00129972985862693,0.00228612310994307,3,0.64018917577131,0.448979591836735,"Peripherals"
"OTU_222",2,1,0,0.000233506620427259,4.21089098527875e-06,0.00101570345340234,2,-0.169515875905202,0,"Peripherals"
"OTU_2223",1,0,0,0.000273231981504576,1.0172493596155e-05,0.000582574973125668,1,-0.881419879685137,0,"Peripherals"
"OTU_223",10,0.2,7272,0.000380240971139412,0.0195267862152807,0.0023734713602274,4,1.30337422164056,0,"Peripherals"
"OTU_2253",1,0,0,1.24268008176865,3.09062296181788e-19,0.00123001230012325,1,0,0,"Peripherals"
"OTU_2275",2,0,584,0.000314073500782096,0.00456569387188504,0.000853398290529258,1,-0.736119501971158,0,"Peripherals"
"OTU_2278",1,0,0,0.000259793091212214,7.86387010509214e-05,0.000639589468169377,1,-1.15470053837925,0,"Peripherals"
"OTU_229",24,0.260869565217391,2168,0.000436186389146058,0.911068367512609,0.00378447898600976,7,1.42111574086435,0.375,"Peripherals"
"OTU_2295",13,0.230769230769231,1441,0.000421526511228001,0.348131617465054,0.00213197404563303,6,0.115163350151082,0.42603550295858,"Peripherals"
"OTU_2316",1,0,0,1.21549196674125,2.79464500269124e-18,0.00123001230012231,1,0,0,"Peripherals"
"OTU_232",2,0,40,0.000339308101757274,0.00584952894388736,0.000741371688319612,2,-0.909902758503789,0.5,"Peripherals"
"OTU_2329",2,0,584,0.000293546778204591,3.05879229070782e-05,0.00116514727778108,1,-0.501017615821025,0,"Peripherals"
"OTU_233",12,0.181818181818182,1781,0.000394998845152386,0.134183357799524,0.00235069344781144,5,1.05745455718008,0.416666666666667,"Peripherals"
"OTU_234",10,0.266666666666667,1399,0.000424843011822911,0.1071475632694,0.00194881614754422,5,0.260269171341445,0,"Peripherals"
"OTU_2349",4,0.666666666666667,0,0.000358859213965935,0.0374423477586905,0.00079798390251674,4,-0.610365755800732,0,"Peripherals"
"OTU_235",15,0.104761904761905,38072,0.000441255938990006,0.0127572690412451,0.00406908435322363,4,3.30300502282009,0.346666666666667,"Module hubs"
"OTU_2360",3,0.333333333333333,1746,0.000147309778546783,1.80986238706925e-14,0.00136400484182461,2,0.201544273526992,0,"Peripherals"
"OTU_2362",1,0,0,0.000322360199708542,0.00179565277407569,0.000444948022419983,1,-0.802225572149362,0,"Peripherals"
"OTU_2366",1,0,0,1.15848648861051,6.69891361549777e-18,0.00123001230012231,1,0,0,"Peripherals"
"OTU_2380",5,0.2,1375,0.000406317855820797,0.0188080996491309,0.00111931569189014,4,-0.46525993461037,0,"Peripherals"
"OTU_2381",12,0.151515151515152,2508,0.000435439243293545,0.100685618008017,0.00234619342453508,5,0.115163350151082,0.375,"Peripherals"
"OTU_2382",1,0,0,0.000296342407681894,0.000521538364818951,0.000528581028685231,1,-0.707106781186547,0,"Peripherals"
"OTU_2392",2,0,4,0.137199248770303,1.17668568452951e-17,0.00145945170556937,1,0.408248290463863,0,"Peripherals"
"OTU_240",1,0,0,0.00031408036865099,0.00230486343227311,0.000454900703394941,1,-0.909902758503789,0,"Peripherals"
"OTU_2407",1,0,0,0.000227204361698074,7.41794299552224e-09,0.000602854889126959,1,-1.04638261415677,0,"Peripherals"
"OTU_2409",1,0,0,1.24941969329287,2.31524165039092e-18,0.00123001230012231,1,0,0,"Peripherals"
"OTU_2414",1,0,0,1.20774556348705,7.13342470523987e-18,0.00123001230012325,1,0,0,"Peripherals"
"OTU_242",23,0.304347826086957,1571,0.000405466818207435,0.919456656227963,0.00351104555053415,7,1.31378970511417,0.453686200378072,"Peripherals"
"OTU_2425",5,0.2,74,0.000261142238306489,8.12524442763129e-07,0.00191834924941716,2,1.56099701456174,0,"Peripherals"
"OTU_2426",1,0,0,0.000206061336255897,2.39507161202471e-09,0.000579548449622035,1,-0.768570894265581,0,"Peripherals"
"OTU_243",3,1,0,0.000373543738573866,0.0298202904984677,0.000763470531976219,3,-0.663983094043305,0.444444444444444,"Peripherals"
"OTU_2434",1,0,0,0.000298952243292801,5.29711962854372e-05,0.000476331070219584,1,-0.881419879685137,0,"Peripherals"
"OTU_2435",9,0.388888888888889,894,0.000393194155883899,0.348502752970598,0.00149067549393573,6,-0.0465058302695282,0.444444444444444,"Peripherals"
"OTU_2437",1,0,0,0.00033457077190551,0.0025980027932797,0.000367372285698268,1,-0.909902758503789,0,"Peripherals"
"OTU_2449",1,0,0,0.402082054888176,8.07086795697004e-18,0.000960060922485084,1,-0.577350269189626,0,"Peripherals"
"OTU_2461",2,1,0,0.000298414995184734,0.00179661951605645,0.000844641315491825,2,-0.239045721866879,0,"Peripherals"
"OTU_2469",1,0,0,0.000262501071184332,0.000109877542511191,0.000562045866551605,1,-1.22474487139159,0,"Peripherals"
"OTU_247",1,0,0,1.23541314795461,5.10940660056435e-18,0.00123001230012231,1,0,0,"Peripherals"
"OTU_2475",1,0,0,0.406540254632159,8.50265580323381e-18,0.000934822891217735,1,-0.577350269189626,0,"Peripherals"
"OTU_248",2,0,584,0.000311535491922739,7.3562713810964e-05,0.000970966378778957,1,-0.501017615821025,0,"Peripherals"
"OTU_2480",6,0,3223,0.000358566087796956,0.0166481341998141,0.00211799262249305,2,1.04756985323299,0.5,"Peripherals"
"OTU_2482",1,0,0,1.24809719512089,0,0.00123001230012231,1,0,0,"Peripherals"
"OTU_250",11,0.454545454545455,1146,0.000419519926253054,0.436241080916594,0.00181657387581768,7,0.406926014858372,0.297520661157025,"Peripherals"
"OTU_2509",1,0,0,0.000206522507739335,2.34087193286577e-09,0.000570608675107902,1,-0.768570894265581,0,"Peripherals"
"OTU_2525",1,0,0,0.000294290558158701,9.31077132336879e-06,0.00048154592058065,1,-0.881419879685137,0,"Peripherals"
"OTU_254",1,0,0,0.399567949421792,7.46529373342595e-18,0.000945685372943286,1,-0.577350269189626,0,"Peripherals"
"OTU_255",1,0,0,1.17591269428124,1.07500402373778e-18,0.00123001230012231,1,0,0,"Peripherals"
"OTU_256",1,0,0,0.000277454351059021,0.000114731534825495,0.000491384323195499,1,-0.909902758503789,0,"Peripherals"
"OTU_2560",1,0,0,0.000259989339402849,0.000137128289776203,0.000623729577555883,1,-0.802225572149362,0,"Peripherals"
"OTU_2568",1,0,0,1.23613451103186,1.95815064950198e-18,0.00123001230012325,1,0,0,"Peripherals"
"OTU_2570",2,1,0,0.000340221291250104,0.000385046924761845,0.000692406155277954,2,-0.501017615821025,0,"Peripherals"
"OTU_2586",3,0,638,0.000377720458207697,0.0858005176289206,0.000833824447096065,2,-0.755471576991095,0,"Peripherals"
"OTU_259",11,0.290909090909091,3976,0.000439780738488227,0.117149027698672,0.00233714624671929,5,0.260269171341445,0.165289256198347,"Peripherals"
"OTU_26",21,0.352380952380952,688,0.000410823261208314,0.892482820132349,0.00326199132190521,7,1.01150180836224,0.503401360544218,"Peripherals"
"OTU_262",5,0.4,306,0.000380523150311089,0.0152753450352299,0.00114527179957894,4,-0.172143765122338,0.32,"Peripherals"
"OTU_2623",1,0,0,0.000309756453315695,6.08789928249031e-05,0.000560866678120895,1,-0.881419879685137,0,"Peripherals"
"OTU_264",1,0,0,0.000222375780739,6.89375812624539e-09,0.000702681292817315,1,-1.04638261415677,0,"Peripherals"
"OTU_266",5,0.1,706,0.000340539555649023,0.00046986193154707,0.00168046604098045,2,0.64018917577131,0,"Peripherals"
"OTU_2663",1,0,0,0.00015954662031922,8.35017728237273e-13,0.000736591788439042,1,-0.768570894265581,0,"Peripherals"
"OTU_267",1,0,0,0.000260506561338823,0.000102141377064303,0.000625010249607099,1,-0.931588505112178,0,"Peripherals"
"OTU_2672",1,0,0,1.17191955247366,8.90568617892506e-19,0.00123001230012325,1,0,0,"Peripherals"
"OTU_268",1,0,0,0.000208699897798981,3.06457257850624e-07,0.00062641907857445,1,-1.18661113133642,0,"Peripherals"
"OTU_2687",1,0,0,1.19696744578862,2.13973040825581e-18,0.00123001230012325,1,0,0,"Peripherals"
"OTU_269",10,0.2,1563,0.000424471703242921,0.249480527182344,0.00180407643490232,6,-0.320154113420007,0.54,"Peripherals"
"OTU_27",1,0,0,1.22155287306574,6.78552022799566e-19,0.00123001230012325,1,0,0,"Peripherals"
"OTU_270",1,0,0,0.000241197608936519,6.77112777987064e-07,0.000611169220084695,1,-0.881419879685137,0,"Peripherals"
"OTU_2703",1,0,0,1.2177949075271,1.29818505044255e-18,0.00123001230012231,1,0,0,"Peripherals"
"OTU_2708",2,0,1,0.611589500535526,6.86527668972292e-18,0.00179515308666547,1,1.15470053837925,0,"Peripherals"
"OTU_2713",2,0,584,0.000305368555939684,0.00116618452514642,0.00100566277605355,1,-0.080582296402538,0,"Peripherals"
"OTU_272",2,0,30,0.000309783791585203,0.000596817795373005,0.00074988649775969,2,-0.663983094043305,0,"Peripherals"
"OTU_274",6,0.0666666666666667,12539,0.000254568315666173,4.62231901971613e-07,0.00290796191534822,2,2.30571268279674,0,"Peripherals"
"OTU_2745",3,0.666666666666667,10,0.000147145532266099,1.96141534977785e-14,0.00123078302321996,2,0.201544273526992,0,"Peripherals"
"OTU_2770",1,0,0,0.000292283241701154,0.00457615754481067,0.000368083410592727,1,-0.802225572149362,0,"Peripherals"
"OTU_2774",5,0.2,6548,0.00037117526080686,0.000740736785306732,0.00157380472445766,3,0.64018917577131,0,"Peripherals"
"OTU_2775",1,0,0,0.000275613961562447,0.000291180787311521,0.00049803322291206,1,-0.909902758503789,0,"Peripherals"
"OTU_2777",3,0.333333333333333,48,0.000363297702347422,0.0676942096263057,0.000692458987033072,3,-0.736119501971158,0.444444444444444,"Peripherals"
"OTU_278",8,0.25,1353,0.000390349600240344,0.263528774426113,0.00148215804644454,6,-0.197649778645495,0.46875,"Peripherals"
"OTU_2780",3,0,1111,0.000228237231376256,5.81031244990266e-08,0.00159762009703911,2,0.461142536559349,0,"Peripherals"
"OTU_2781",3,0.333333333333333,584,0.000276310093435428,0.00314960510596053,0.00122071956263201,2,-0.499937675397428,0,"Peripherals"
"OTU_2788",6,0.4,145,0.000399471816225073,0.172230930427134,0.00103237760562905,5,-0.320154113420007,0,"Peripherals"
"OTU_2789",1,0,0,0.197766137807251,1.1043262347571e-17,0.000837655358549001,1,-0.866025403784439,0,"Peripherals"
"OTU_2799",2,0,584,0.000314397552845069,0.00230784842664724,0.000963131215373204,1,-0.663983094043305,0,"Peripherals"
"OTU_28",2,1,0,0.00021596672235291,4.80494459831862e-09,0.000947028957204828,2,-0.394537706977143,0,"Peripherals"
"OTU_281",6,0.0666666666666667,3958,0.000368433494342948,0.0343093763643642,0.00191651101613072,3,0.319695563798628,0,"Peripherals"
"OTU_283",1,0,0,0.000352026459598529,0.0127883556078333,0.000351449486797445,1,-1.04568321937182,0,"Peripherals"
"OTU_2832",1,0,0,1.24116081490868,7.13322336330316e-18,0.00123001230012325,1,0,0,"Peripherals"
"OTU_2833",1,0,0,1.19390041788307,9.8294206269147e-18,0.00123001230012325,1,0,0,"Peripherals"
"OTU_284",8,0.214285714285714,2271,0.000415779153940714,0.0617632367249879,0.00171021878956746,5,-0.0299424710392811,0,"Peripherals"
"OTU_2840",1,0,0,1.19077843282293,4.37460230905166e-18,0.00123001230012325,1,0,0,"Peripherals"
"OTU_2847",1,0,0,1.2073718993274,5.2565228930348e-18,0.00123001230012325,1,0,0,"Peripherals"
"OTU_285",4,0,768,0.000396139094727624,0.00520067838944916,0.00113221762319794,2,-0.663983094043305,0.625,"Connectors"
"OTU_2868",4,0,1749,0.000298063534548598,0.0014764912962977,0.00203223456297569,1,1.24211800681624,0,"Peripherals"
"OTU_288",4,0.166666666666667,223,0.000391997944794882,0.00915953388969858,0.000937290398216686,3,-0.418063429582822,0.375,"Peripherals"
"OTU_2886",1,0,0,0.0001220497147473,1.68782402824947e-17,0.000725834780063332,1,-0.873358518616963,0,"Peripherals"
"OTU_289",7,0.333333333333333,3203,0.000405871540312747,0.00654714244083458,0.00210203878142858,4,1.02059143963542,0.244897959183674,"Peripherals"
"OTU_2890",1,0,0,1.22969174373596,5.29952226619599e-19,0.00123001230012325,1,0,0,"Peripherals"
"OTU_29",22,0.216450216450216,13677,0.000472161199850554,0.582949175528562,0.00366641987621122,7,0.695586634912533,0.541322314049587,"Peripherals"
"OTU_290",2,0,584,0.000207216915134278,2.57207121361979e-09,0.00117427589133451,1,-0.153714178853116,0,"Peripherals"
"OTU_2904",1,0,0,0.000350565604606106,0.0119631744114942,0.000357781538567141,1,-1.04568321937182,0,"Peripherals"
"OTU_291",2,1,0,0.000361365113139834,0.0698128248919366,0.000463495884727146,2,-0.651081623773395,0,"Peripherals"
"OTU_2919",2,0,84,0.000289347827477641,0.00192681167389975,0.000833716732403363,2,-1.22474487139159,0.5,"Peripherals"
"OTU_2929",2,0,2,0.291991163062372,9.64141556722284e-18,0.00162236924169609,1,0.866025403784439,0,"Peripherals"
"OTU_2935",1,0,0,1.24636487488012,0,0.00123001230012325,1,0,0,"Peripherals"
"OTU_295",2,1,0,0.019590016854996,2.88254612774128e-17,0.000765970477924133,2,-0.491259936394124,0,"Peripherals"
"OTU_298",17,0.264705882352941,6951,0.000438678430862241,0.4319459675502,0.00283009167272928,7,1.01150180836224,0.359861591695502,"Peripherals"
"OTU_299",25,0.196666666666667,8944,0.00047008526201761,0.586743095731116,0.00422409923787294,6,1.85643320443544,0.2784,"Peripherals"
"OTU_2992",1,0,0,0.194525165708245,1.02832565310763e-17,0.000867055736091208,1,-0.866025403784439,0,"Peripherals"
"OTU_2994",2,0,355,0.00033776477853617,0.0111736229496169,0.000659931063537138,2,-0.644658371220304,0.5,"Peripherals"
"OTU_3",10,0.377777777777778,409,0.000437254098673665,0.0726990819116696,0.00199466936592288,5,0.260269171341445,0,"Peripherals"
"OTU_3000",1,0,0,1.21806848671844,1.46330920636743e-18,0.00123001230012231,1,0,0,"Peripherals"
"OTU_3008",2,0,6,0.000306851973061936,0.00720330593169191,0.000606621303910225,2,-0.651081623773395,0,"Peripherals"
"OTU_301",1,0,0,1.19696744578862,0,0.00123001230012231,1,0,0,"Peripherals"
"OTU_3017",1,0,0,1.22492631366171,7.52292577490996e-18,0.00123001230012325,1,0,0,"Peripherals"
"OTU_302",1,0,0,0.00022902666558542,4.55251716323935e-08,0.000682359806994403,1,-0.881419879685137,0,"Peripherals"
"OTU_303",2,0,1593,0.000252562881557903,8.1423322310333e-07,0.0010430345306669,2,-0.153714178853116,0,"Peripherals"
"OTU_3042",1,0,0,0.000360831001755262,0.0404768643100684,0.000321765712252466,1,-1.04568321937182,0,"Peripherals"
"OTU_3046",1,0,0,1.22311780811717,1.18264031275123e-18,0.00123001230012231,1,0,0,"Peripherals"
"OTU_3049",1,0,0,1.17191955247366,0,0.00123001230012231,1,0,0,"Peripherals"
"OTU_305",2,0,59,0.00037335608963132,0.00510724161984063,0.000549226907172537,2,-0.663983094043305,0,"Peripherals"
"OTU_306",15,0.247619047619048,2836,0.000448280217157084,0.431765901535263,0.00274415867294504,7,0.55048081372217,0.346666666666667,"Peripherals"
"OTU_3063",2,1,0,0.000315873170404102,0.0114657990611023,0.000533656347077978,2,-0.900577398181458,0,"Peripherals"
"OTU_3075",3,0.333333333333333,58,0.000387148077117412,0.00674274376839645,0.000775722434317415,3,-0.418063429582822,0,"Peripherals"
"OTU_308",3,0.333333333333333,535,0.000258455156002945,7.72199943753198e-07,0.00127836831741816,2,-0.501017615821025,0.444444444444444,"Peripherals"
"OTU_309",4,0.333333333333333,486,0.00040059029078377,0.00731738507677016,0.00102231832542659,3,-0.663983094043305,0.625,"Connectors"
"OTU_31",3,0.666666666666667,0,0.000336050433756653,0.0400174686450153,0.000800476523412603,2,-0.736119501971158,0.444444444444444,"Peripherals"
"OTU_310",6,0.133333333333333,1399,0.000368204603510391,0.00221430720871839,0.00182007314091339,3,0.64018917577131,0.277777777777778,"Peripherals"
"OTU_311",4,0.166666666666667,482,0.000389076541826357,0.0119315118148844,0.000928492462335329,3,-0.610365755800732,0,"Peripherals"
"OTU_3122",2,1,0,0.000350201486482341,0.0864958405799421,0.000453671138907304,2,-0.651081623773395,0,"Peripherals"
"OTU_313",2,0,584,0.000280480905848449,0.00119730103316966,0.000976175544314304,1,-0.736119501971158,0,"Peripherals"
"OTU_3131",6,0.0666666666666667,892,0.000372592680841718,0.0021174158696146,0.00167112328148211,3,1.02059143963542,0,"Peripherals"
"OTU_3136",1,0,0,0.000317094503076217,0.00250018588541232,0.000403888583349333,1,-0.909902758503789,0,"Peripherals"
"OTU_314",1,0,0,0.000249728870593978,8.11584948457456e-07,0.000599939796098197,1,-0.768570894265581,0,"Peripherals"
"OTU_315",3,0.333333333333333,1166,0.000326644650215395,0.0164792194579999,0.00102369517632062,2,-0.267679818898603,0,"Peripherals"
"OTU_3161",1,0,0,0.000349618779445463,0.0199950046706174,0.000359911526015766,1,-0.802225572149362,0,"Peripherals"
"OTU_3172",1,0,0,1.20215380583993,2.58263674892666e-18,0.00123001230012325,1,0,0,"Peripherals"
"OTU_318",3,0,9276,0.000254919410588363,1.08387616367053e-07,0.00148553613041805,2,0.257307200202485,0,"Peripherals"
"OTU_3181",2,0,584,0.000303108217663935,0.00118084276622972,0.000948781141020178,1,-0.707106781186547,0.5,"Peripherals"
"OTU_3193",2,0,4,0.000280323009220249,2.65341865493348e-05,0.000782012289192467,2,-0.501017615821025,0,"Peripherals"
"OTU_321",4,0.5,207,0.000367991533942498,0.164806353069339,0.000789357393752886,3,-0.499937675397428,0.375,"Peripherals"
"OTU_3212",2,0,584,0.000358084886018295,0.00311288168290896,0.000853619253510848,1,-0.707106781186547,0.5,"Peripherals"
"OTU_3230",1,0,0,1.2472255901586,3.05879909297975e-18,0.00123001230012325,1,0,0,"Peripherals"
"OTU_3243",1,0,0,1.21558860209934,9.51998827969685e-18,0.00123001230012325,1,0,0,"Peripherals"
"OTU_325",2,0,14,0.000350613019623516,0.00571320181316405,0.000624176815253614,2,-1.5,0.5,"Peripherals"
"OTU_327",5,0.1,16696,0.000219523459112943,4.91720458632508e-09,0.00210649335031908,2,1.56099701456174,0,"Peripherals"
"OTU_3271",2,0,1326,0.000349077705367481,0.0205688531867737,0.000743687941823158,2,-1.22474487139159,0.5,"Peripherals"
"OTU_3279",10,0.311111111111111,2008,0.000400407104797228,0.266753967552298,0.00184479121489673,6,0.115163350151082,0.18,"Peripherals"
"OTU_329",4,0.166666666666667,142,0.000346364321285948,0.00650828226225923,0.00103298445836184,3,-0.418063429582822,0.375,"Peripherals"
"OTU_33",7,0.19047619047619,92,0.0316148483028389,6.38653639669953e-17,0.00284162928966182,2,1.85338976003238,0,"Peripherals"
"OTU_3321",2,0,103,0.00035367890214742,0.0127346593611285,0.000652788656718111,2,-1.5,0.5,"Peripherals"
"OTU_333",1,0,0,0.000315460736136427,0.0134185792799319,0.000355811565560543,1,-0.802225572149362,0,"Peripherals"
"OTU_334",2,0,1,0.604102628423303,1.48035912798671e-17,0.00179515308666548,1,1.15470053837925,0,"Peripherals"
"OTU_3340",1,0,0,1.22969174373596,3.8482996959717e-18,0.00123001230012231,1,0,0,"Peripherals"
"OTU_3346",1,0,0,0.000297930502819885,0.00481965307093191,0.000378184162707141,1,-0.802225572149362,0,"Peripherals"
"OTU_336",4,0,699,0.000319140205039426,0.00411421056931619,0.00144761847987675,2,-0.172143765122338,0,"Peripherals"
"OTU_3366",1,0,0,1.24116081490868,4.15365314388726e-18,0.00123001230012231,1,0,0,"Peripherals"
"OTU_3368",1,0,0,1.24268008176865,3.09121091422711e-18,0.00123001230012231,1,0,0,"Peripherals"
"OTU_3373",3,0.333333333333333,584,0.000299121560419067,0.00178168283389756,0.00129305731682265,2,0.358568582800318,0,"Peripherals"
"OTU_3377",1,0,0,1.22418467696708,9.30472894100441e-18,0.00123001230012325,1,0,0,"Peripherals"
"OTU_3378",2,0,355,0.000336682125545782,0.000197702193545046,0.000687362413465948,2,-0.501017615821025,0,"Peripherals"
"OTU_3381",1,0,0,0.000266873977996129,7.87844257519823e-05,0.000605050561378796,1,-0.644658371220304,0,"Peripherals"
"OTU_3392",1,0,0,1.22418467696708,8.27020219721022e-19,0.00123001230012231,1,0,0,"Peripherals"
"OTU_340",3,1,0,0.000351728422290149,0.0264554106751871,0.000702294706900337,3,-0.755471576991095,0,"Peripherals"
"OTU_3402",3,0,798,0.000354963576271656,0.00121757065399663,0.000978100884412661,2,-0.501017615821025,0.444444444444444,"Peripherals"
"OTU_341",2,0,1701,0.000345035444746529,0.0210390479590895,0.000730805568531075,2,-1.73205080756888,0.5,"Peripherals"
"OTU_342",18,0.287581699346405,2888,0.000430380396137661,0.736563899951853,0.00277963553794462,7,0.55048081372217,0.444444444444444,"Peripherals"
"OTU_3435",1,0,0,0.000304631549535479,0.000218164613321967,0.000553906922241726,1,-0.707106781186547,0,"Peripherals"
"OTU_34392",2,1,0,0.000303316934390611,0.00191279982435478,0.000837839724601736,2,-0.263752189358315,0,"Peripherals"
"OTU_344",3,0.333333333333333,14,0.000235317725242952,1.14036665446837e-07,0.00116872696574583,2,0.257307200202485,0,"Peripherals"
"OTU_345",8,0.214285714285714,1585,0.000423959026912177,0.0380362960047827,0.00173255689639216,5,-0.175048292229644,0.21875,"Peripherals"
"OTU_3460",2,0,1152,0.000296313312954709,0.0015462324116696,0.000905547667705752,2,0,0,"Peripherals"
"OTU_3490",1,0,0,0.000157925161091179,2.23791871718817e-13,0.000535318122984071,1,-0.873358518616963,0,"Peripherals"
"OTU_3497",2,0,1,0.620342874447396,1.31955269827897e-17,0.00179515308666546,1,1.15470053837925,0,"Peripherals"
"OTU_35",9,0.222222222222222,2201,0.00041587188308872,0.0256961184337502,0.0019109217121271,5,0.811534892719595,0.197530864197531,"Peripherals"
"OTU_3508",1,0,0,0.000289126632851247,0.000354750543786437,0.000541849828904321,1,-0.707106781186547,0,"Peripherals"
"OTU_351",8,0.107142857142857,3368,0.000412556118150149,0.095487372726904,0.00181332280896864,5,-0.320154113420007,0.40625,"Peripherals"
"OTU_353",8,0.0714285714285714,23789,0.00034198920175123,0.000137360102661544,0.00287933242443474,3,1.40099370349953,0.21875,"Peripherals"
"OTU_357",2,0,584,0.000318694143268897,0.00713828044781123,0.000834769869938904,1,-0.651081623773395,0,"Peripherals"
"OTU_3577",9,0.194444444444444,6034,0.000436636952616786,0.218414267620851,0.00162417079902836,5,-0.320154113420007,0.493827160493827,"Peripherals"
"OTU_358",3,1,0,0.000374612225432513,0.146481770275904,0.000615381841219668,3,-0.499937675397428,0,"Peripherals"
"OTU_362",1,0,0,0.000344693063766416,0.0293960601310881,0.000357312738945657,1,-0.802225572149362,0,"Peripherals"
"OTU_3623",1,0,0,1.18003375001775,0,0.00123001230012231,1,0,0,"Peripherals"
"OTU_3637",3,0.333333333333333,10,0.000339213546960196,0.0427763976484045,0.000692958816978332,3,-0.736119501971158,0.444444444444444,"Peripherals"
"OTU_364",1,0,0,0.00028319300496318,8.21138432238779e-05,0.000576066164363622,1,-0.909902758503789,0,"Peripherals"
"OTU_366",10,0.311111111111111,1171,0.000425368874469441,0.134102730966807,0.00177015960041897,6,0.260269171341445,0,"Peripherals"
"OTU_368",3,0.333333333333333,22,0.000317651245913068,0.000966165178320502,0.000939270663669734,2,-0.418063429582822,0,"Peripherals"
"OTU_369",4,0,5169,0.00032399282507611,0.00134125327098935,0.00157875535164955,2,-0.418063429582822,0.375,"Peripherals"
"OTU_3699",2,1,0,0.000147416584582388,1.80763403517102e-14,0.000848966557204747,2,-0.335907122544986,0,"Peripherals"
"OTU_37",2,1,0,0.0213615507870106,2.51224581431327e-17,0.000864026078754286,2,-0.491259936394124,0,"Peripherals"
"OTU_370",6,0.266666666666667,2365,0.000146914596890129,2.28821475277321e-14,0.00242089092954138,2,1.81389846174292,0,"Peripherals"
"OTU_3707",3,0.333333333333333,1166,0.000353559535549262,0.0173958112436716,0.000921860710580837,2,-0.900577398181458,0.444444444444444,"Peripherals"
"OTU_3714",1,0,0,1.23416912949061,0,0.00123001230012325,1,0,0,"Peripherals"
"OTU_373",6,0.266666666666667,2155,0.000412097651283301,0.122126885711483,0.00123377799985343,5,-0.320154113420007,0,"Peripherals"
"OTU_375",8,0.428571428571429,73,0.00039482336113341,0.11656567984493,0.00155486346019771,5,-0.0299424710392811,0,"Peripherals"
"OTU_3759",3,0,1198,0.000218282610883897,3.94088854237849e-09,0.00146794805164598,2,0.257307200202485,0,"Peripherals"
"OTU_376",7,0.19047619047619,844,0.000346730261419264,0.0713340816063075,0.00163145411988318,4,0.104638118106439,0,"Peripherals"
"OTU_377",1,0,0,0.000360133692149521,0.0532053804073597,0.000322923778722521,1,-0.802225572149362,0,"Peripherals"
"OTU_38",7,0.476190476190476,253,0.000427228444627801,0.0528434959630533,0.00145466846743655,5,-0.175048292229644,0,"Peripherals"
"OTU_381",9,0.222222222222222,1660,0.000362035592403178,0.00863576215807157,0.00235858958003565,4,0.811534892719595,0.197530864197531,"Peripherals"
"OTU_382",15,0.180952380952381,3242,0.000431658890594379,0.314121759489229,0.00274116573150935,6,0.260269171341445,0.506666666666667,"Peripherals"
"OTU_3849",3,0.333333333333333,584,0.00035950838009868,0.100918605899389,0.000804085808507304,2,-0.755471576991095,0,"Peripherals"
"OTU_385",1,0,0,1.20215380583993,2.77821832924568e-18,0.00123001230012231,1,0,0,"Peripherals"
"OTU_388",1,0,0,0.000345155707486987,0.00262075076134683,0.000384418972876545,1,-0.881419879685137,0,"Peripherals"
"OTU_39",1,0,0,0.0150349626428536,6.8466751372707e-18,0.000619209505688371,1,-0.960189875679424,0,"Peripherals"
"OTU_3916",1,0,0,0.000274751726306905,1.46749986659143e-06,0.00059984619523784,1,-1.04638261415677,0,"Peripherals"
"OTU_3938",10,0.222222222222222,1764,0.000415687602410851,0.295418386086991,0.00185274400248457,6,-0.175048292229644,0.42,"Peripherals"
"OTU_394",3,0.333333333333333,584,0.00024770686553542,7.07086389408606e-06,0.00161853475009791,2,0.544704779401922,0,"Peripherals"
"OTU_396",2,0,584,0.000172181558612549,1.51360107951176e-11,0.00115136102539183,1,-0.153714178853116,0,"Peripherals"
"OTU_397",2,0,1166,0.000346739092079804,0.00360967391024514,0.000829288200304149,1,-0.663983094043305,0,"Peripherals"
"OTU_3973",5,0.3,367,0.000408882979548305,0.0935354317853152,0.000938620843396065,4,-0.46525993461037,0,"Peripherals"
"OTU_398",3,0.333333333333333,1746,0.000206276943082448,2.63982424939568e-09,0.00147543510660297,2,0.461142536559349,0,"Peripherals"
"OTU_3984",1,0,0,0.000339601398075327,0.00516795597542516,0.000411006470618427,1,-1.04568321937182,0,"Peripherals"
"OTU_4",3,0.333333333333333,12,0.000380560658198877,0.0766025015823419,0.000640460898418601,3,-0.499937675397428,0,"Peripherals"
"OTU_40",2,1,0,0.0227657707850664,3.17819418510627e-17,0.000851305242720423,2,-0.491259936394124,0,"Peripherals"
"OTU_400",2,0,1166,0.000347455983518156,0.0161705712034692,0.000803585840889385,1,-1.15470053837925,0.5,"Peripherals"
"OTU_401",2,0,1166,0.000274345712495397,1.09367303078936e-05,0.00109881265607407,1,-0.501017615821025,0,"Peripherals"
"OTU_402",2,0,19,0.0196912756771495,1.84880977906086e-17,0.00100818683163325,1,-0.491259936394124,0,"Peripherals"
"OTU_403",1,0,0,0.000306351845824818,0.00113180752718315,0.000482752846453742,1,-0.644658371220304,0,"Peripherals"
"OTU_4034",8,0.285714285714286,893,0.000406926734644427,0.0311740976442728,0.00174901374504984,5,-0.175048292229644,0.21875,"Peripherals"
"OTU_4049",1,0,0,1.23985378925134,7.92129990952487e-18,0.00123001230012231,1,0,0,"Peripherals"
"OTU_4051",2,0,584,0.00029535357797561,0.000393674959433928,0.00096642826806039,1,-0.663983094043305,0,"Peripherals"
"OTU_408",8,0.285714285714286,811,0.000386594727949069,0.235586433382052,0.00142025924399608,6,-0.610365755800732,0.625,"Connectors"
"OTU_4081",5,0.4,189,0.000357546163634592,0.0924021573301972,0.0010176249708176,3,0.200759864173952,0.32,"Peripherals"
"OTU_4084",1,0,0,1.2073718993274,8.26110499457699e-18,0.00123001230012231,1,0,0,"Peripherals"
"OTU_409",1,0,0,0.000330070470909498,0.000264474707034026,0.000457656044289115,1,-0.881419879685137,0,"Peripherals"
"OTU_4091",1,0,0,1.14918427812973,6.15404370220834e-18,0.00123001230012325,1,0,0,"Peripherals"
"OTU_41",1,0,0,1.17469239432181,0,0.00123001230012325,1,0,0,"Peripherals"
"OTU_4106",1,0,0,1.18723067113229,0,0.00123001230012231,1,0,0,"Peripherals"
"OTU_4110",7,0.333333333333333,503,0.000370809382660134,0.16177232640312,0.00134375655080122,4,0.104638118106439,0,"Peripherals"
"OTU_413",1,0,0,0.0163367410337867,1.03934424051208e-17,0.000644711208449136,1,-0.960189875679424,0,"Peripherals"
"OTU_416",2,0,27,0.000339790885147719,0.000362889284226865,0.00071470375499068,2,-0.501017615821025,0,"Peripherals"
"OTU_41654",1,0,0,1.24418138775192,2.2919405723164e-18,0.00123001230012325,1,0,0,"Peripherals"
"OTU_4177",1,0,0,0.000168907263364618,3.41278343629571e-12,0.00057987747228681,1,-1.04638261415677,0,"Peripherals"
"OTU_418",8,0.107142857142857,1983,0.000413178697008474,0.111100323236064,0.00165023879419075,5,-0.175048292229644,0.21875,"Peripherals"
"OTU_419",4,0.5,3,0.000373177923241672,0.132414860160983,0.000825828484220301,3,-0.736119501971158,0.5,"Peripherals"
"OTU_42",8,0.178571428571429,1298,0.000395894598505529,0.170171148202646,0.00163984383918457,6,-0.175048292229644,0.21875,"Peripherals"
"OTU_4203",1,0,0,1.2213151654384,6.63043647117904e-18,0.00123001230012231,1,0,0,"Peripherals"
"OTU_4206",2,0,1,0.606448297503286,1.35276751870557e-17,0.00179515308666546,1,1.15470053837925,0,"Peripherals"
"OTU_422",4,0.166666666666667,1467,0.000364817978610744,0.0270836932220797,0.00100488410503052,3,-0.651081623773395,0.625,"Connectors"
"OTU_4230",2,0,289,0.000376924284995103,0.0320548293887774,0.000552854936524535,2,-0.931588505112178,0.5,"Peripherals"
"OTU_424",26,0.273846153846154,3209,0.000430953934123032,1,0.00401132546464224,7,1.91836549861804,0.393491124260355,"Peripherals"
"OTU_426",6,0.333333333333333,612,0.000373247607542443,0.0368448274553023,0.00161649615451685,3,-0.172143765122338,0.444444444444444,"Peripherals"
"OTU_428",4,0.333333333333333,3701,0.000322206443566251,0.000173746016844183,0.0015166415315726,2,-0.120615351956913,0.375,"Peripherals"
"OTU_43",1,0,0,0.00030503380211421,6.18601493606914e-05,0.000436227203998182,1,-0.881419879685137,0,"Peripherals"
"OTU_430",18,0.176470588235294,7191,0.00043650669035861,0.295305894887725,0.00342858541237025,6,0.405374992531807,0.561728395061728,"Peripherals"
"OTU_433",7,0.238095238095238,512,0.000406910065819199,0.0139348234138973,0.00168506490187817,4,0.259786911907198,0.571428571428571,"Peripherals"
"OTU_434",7,0.0952380952380952,819,0.000418990494273057,0.0362691752982567,0.0013852767404007,5,-0.418063429582822,0.612244897959184,"Peripherals"
"OTU_4367",3,0,2332,0.000345865524579687,0.0217282406444676,0.000983288705673747,2,-0.207019667802706,0.444444444444444,"Peripherals"
"OTU_438",1,0,0,0.000347475211422246,0.000517872469331254,0.000431563319069598,1,-0.881419879685137,0,"Peripherals"
"OTU_439",11,0.218181818181818,3866,0.00039514847432814,0.211331003806173,0.00207151824009055,6,0.811534892719595,0.429752066115702,"Peripherals"
"OTU_44",12,0.196969696969697,4128,0.000417648622848755,0.0509561183124498,0.00265350705773374,5,1.54929388610105,0.152777777777778,"Peripherals"
"OTU_4414",1,0,0,1.23301537389779,8.11037665021544e-18,0.00123001230012231,1,0,0,"Peripherals"
"OTU_4416",1,0,0,1.19624039370018,6.1936671644479e-18,0.00123001230012231,1,0,0,"Peripherals"
"OTU_442",1,0,0,1.18183962162824,1.98805146735689e-18,0.00123001230012325,1,0,0,"Peripherals"
"OTU_443",20,0.215789473684211,2869,0.000437303649000788,0.583955744761743,0.00320243846902815,7,1.71132738324507,0,"Peripherals"
"OTU_449",25,0.183333333333333,3959,0.000445871236590713,0.536223745207318,0.00414790744943352,7,2.0015390256258,0.2112,"Peripherals"
"OTU_4496",1,0,0,0.000312750439075894,0.00427772822476346,0.000402619371334262,1,-1.20455918504371,0,"Peripherals"
"OTU_45",10,0.266666666666667,4069,0.000381054496444133,0.276972233451497,0.00216891696029675,6,0.406926014858372,0.18,"Peripherals"
"OTU_451",5,0.1,1872,0.00035717681242384,0.0248734597728021,0.00174745985514516,2,1.05500875743326,0.32,"Peripherals"
"OTU_452",7,0.285714285714286,2318,0.000358281204987638,0.000887721589062569,0.00205185403398454,4,1.40099370349953,0,"Peripherals"
"OTU_453",5,0.6,11,0.000357018586297835,0.000791402749072663,0.00144279157855478,4,0.64018917577131,0,"Peripherals"
"OTU_455",4,0.166666666666667,1641,0.000229706587625399,3.7759394070463e-08,0.00194123264084085,2,1.07599925197181,0,"Peripherals"
"OTU_4580",1,0,0,0.000273166571069602,0.000158464504384291,0.000599008011000582,1,-0.909902758503789,0,"Peripherals"
"OTU_4595",1,0,0,1.22622760990822,3.88763051389806e-18,0.00123001230012231,1,0,0,"Peripherals"
"OTU_4604",1,0,0,1.22297055865118,0,0.00123001230012231,1,0,0,"Peripherals"
"OTU_4607",1,0,0,0.00012081983357373,2.07466201468904e-17,0.000739622875756143,1,-0.873358518616963,0,"Peripherals"
"OTU_4608",7,0.238095238095238,2196,0.000428883122984878,0.095210624646272,0.00132983021046383,5,-0.320154113420007,0.244897959183674,"Peripherals"
"OTU_4611",1,0,0,0.000333715010139975,0.011454765448524,0.000356121845310122,1,-1.04568321937182,0,"Peripherals"
"OTU_463",1,0,0,0.000360248207382892,0.0568655850938957,0.00031958417562183,1,-1.04568321937182,0,"Peripherals"
"OTU_464",1,0,0,1.21923193822965,7.93217189491723e-18,0.00123001230012325,1,0,0,"Peripherals"
"OTU_4644",1,0,0,0.000275161403371556,0.000122056153355984,0.000510976121472665,1,-0.909902758503789,0,"Peripherals"
"OTU_465",9,0.361111111111111,347,0.000371011151171611,0.116509379036871,0.00174938687621567,5,0.115163350151082,0,"Peripherals"
"OTU_4663",4,0,14024,0.00018412176445184,4.87747606507956e-11,0.00185364275230557,2,0.257307200202485,0.375,"Peripherals"
"OTU_470",13,0.179487179487179,1664,0.000435100047244902,0.0503767867418104,0.00252842945296377,5,0.115163350151082,0.461538461538462,"Peripherals"
"OTU_472",5,0,5931,0.000414955428628919,0.00773684478248124,0.00150444275670087,3,0.259786911907198,0.32,"Peripherals"
"OTU_4738",1,0,0,1.13529109614928,9.31871019847407e-18,0.00123001230012231,1,0,0,"Peripherals"
"OTU_4741",1,0,0,0.000298671402634953,0.00166073882036397,0.000479926149695241,1,-0.836660026534075,0,"Peripherals"
"OTU_475",2,0,1,0.606181883766543,5.92912458115482e-18,0.00179515308666547,1,1.15470053837925,0,"Peripherals"
"OTU_4750",1,0,0,1.22908154141917,3.33443628648239e-18,0.00123001230012325,1,0,0,"Peripherals"
"OTU_4758",1,0,0,1.19390041788307,5.11799815508949e-18,0.00123001230012231,1,0,0,"Peripherals"
"OTU_476",5,0.2,1207,0.000347938844963675,0.000786428884460777,0.0017493858133241,3,0.64018917577131,0,"Peripherals"
"OTU_4773",3,0,420,0.000341195991523339,0.0298488755840408,0.000759463192421323,2,-0.499937675397428,0,"Peripherals"
"OTU_478",4,0,3233,0.000282951172940264,1.20691521659387e-05,0.00197275910888494,2,0.461142536559349,0.375,"Peripherals"
"OTU_479",4,0.833333333333333,11,0.000346640681673924,0.0698459706731511,0.000826774192526809,3,-0.610365755800732,0,"Peripherals"
"OTU_483",1,0,0,0.000343591741192809,0.00383167451213344,0.000365571825175545,1,-1.04568321937182,0,"Peripherals"
"OTU_485",1,0,0,0.40654070873381,8.79978524218128e-18,0.00095125935542818,1,-0.577350269189626,0,"Peripherals"
"OTU_487",3,0.666666666666667,0,0.0206652561145946,3.32624252946203e-17,0.00105733542865968,3,-0.0223299971088237,0,"Peripherals"
"OTU_488",7,0.333333333333333,1212,0.000422988973195167,0.144885963479594,0.00134305326328959,5,-0.499937675397428,0.489795918367347,"Peripherals"
"OTU_4895",1,0,0,1.22988003300547,8.64617463857071e-18,0.00123001230012231,1,0,0,"Peripherals"
"OTU_490",2,0,584,0.000345267738312555,0.00650440123421966,0.000835457573150075,1,-0.707106781186547,0.5,"Peripherals"
"OTU_491",2,0,584,0.000327574020279717,0.00120006113698064,0.00092246385888655,1,-0.663983094043305,0,"Peripherals"
"OTU_4927",1,0,0,1.24677316117664,3.79185844157767e-18,0.00123001230012325,1,0,0,"Peripherals"
"OTU_4928",1,0,0,0.000276651271230149,0.000486840810123345,0.00053874623240621,1,-0.802225572149362,0,"Peripherals"
"OTU_496",5,0.2,781,0.0004078837641835,0.0419629512281369,0.00116171989354253,4,-0.755471576991095,0.48,"Peripherals"
"OTU_499",2,1,0,0.000187780437605117,2.02140772765455e-10,0.000982134426586243,2,-0.153714178853116,0,"Peripherals"
"OTU_5",3,0,1775,0.000274010085260727,0.00019533485800376,0.00140460586925206,2,1.73205080756888,0,"Peripherals"
"OTU_50",2,1,0,0.000295846896003487,8.17896300615731e-05,0.00089964243894444,2,-0.577350269189626,0,"Peripherals"
"OTU_500",5,0.5,16,0.0269228845843715,6.03696285148133e-17,0.00170849121639711,3,0.915529881461776,0,"Peripherals"
"OTU_501",8,0.214285714285714,2597,0.000368434160320707,0.0494099399843683,0.00170390964875871,4,0.811534892719595,0,"Peripherals"
"OTU_502",1,0,0,1.23037138800803,4.17143189976867e-18,0.00123001230012325,1,0,0,"Peripherals"
"OTU_5025",1,0,0,1.22665505431171,6.90708973910648e-18,0.00123001230012231,1,0,0,"Peripherals"
"OTU_503",1,0,0,0.000187585430923696,1.87088638907769e-10,0.000566555426675333,1,-0.768570894265581,0,"Peripherals"
"OTU_505",1,0,0,1.20940243028046,6.63710706946571e-18,0.00123001230012231,1,0,0,"Peripherals"
"OTU_5059",1,0,0,1.15234620913781,2.72349687441169e-18,0.00123001230012231,1,0,0,"Peripherals"
"OTU_506",4,0.166666666666667,608,0.000374470567394994,0.029456434729993,0.000907768661244781,4,-0.418063429582822,0.375,"Peripherals"
"OTU_508",2,0,1611,0.000239525201445539,5.31086121086162e-08,0.00091317471825795,2,-0.394537706977143,0,"Peripherals"
"OTU_51",1,0,0,1.19077843282293,0,0.00123001230012231,1,0,0,"Peripherals"
"OTU_514",5,0.4,1166,0.00039827444231803,0.0766023461359484,0.00122357254629732,4,-0.755471576991095,0.56,"Peripherals"
"OTU_515",3,0.666666666666667,7,0.000390184031281592,0.0285519539439022,0.000633841761634055,3,-0.755471576991095,0,"Peripherals"
"OTU_5162",3,0.333333333333333,11,0.000346137425346585,0.0552259202521007,0.000648234748870547,3,-0.755471576991095,0,"Peripherals"
"OTU_518",9,0.111111111111111,3954,0.000430702809894522,0.0458401927689728,0.00210149616869646,4,-0.320154113420007,0.518518518518519,"Peripherals"
"OTU_5187",1,0,0,1.24636487488012,3.16622243681351e-18,0.00123001230012231,1,0,0,"Peripherals"
"OTU_519",5,0.1,1419,0.000411587230980723,0.0391850778359784,0.00119163372542334,4,-0.501017615821025,0.64,"Connectors"
"OTU_52",3,0,964,0.0003817542292935,0.0260133986531651,0.000901630379264241,2,-0.651081623773395,0.444444444444444,"Peripherals"
"OTU_520",8,0.142857142857143,1446,0.000428043230201145,0.0171243964477919,0.00171948166768191,5,0.811534892719595,0,"Peripherals"
"OTU_525",1,0,0,0.000314666360222122,0.000936788818383387,0.000527460996764538,1,-0.707106781186547,0,"Peripherals"
"OTU_526",4,0.166666666666667,998,0.000337041077375012,0.0249856145365723,0.00127858904113088,2,-0.418063429582822,0.375,"Peripherals"
"OTU_528",3,0,305,0.000369465818449621,0.0375612810226026,0.000682782508158739,3,-1.20455918504371,0.666666666666667,"Connectors"
"OTU_53",5,0.3,36,0.0269433049051824,3.55997946100552e-17,0.00181208872273201,3,0.915529881461776,0,"Peripherals"
"OTU_533",6,0.733333333333333,35,0.000391212611548937,0.230190358400393,0.00106849645159755,6,-0.0465058302695282,0,"Peripherals"
"OTU_535",8,0.357142857142857,756,0.000390624840217604,0.0730090567227284,0.00169969542008437,5,-0.0299424710392811,0,"Peripherals"
"OTU_536",11,0.563636363636364,205,0.000407847464807369,0.563130376018643,0.001710118614444,7,0.104638118106439,0.462809917355372,"Peripherals"
"OTU_53720",1,0,0,1.21923193822965,4.8051577129254e-19,0.00123001230012231,1,0,0,"Peripherals"
"OTU_538",4,0.333333333333333,1746,0.000320012696002737,0.0219264434583018,0.00140343001272736,2,-0.348793727021462,0,"Peripherals"
"OTU_5398",9,0.277777777777778,854,0.000386215186351398,0.14081762993553,0.00175934565123938,4,1.13763923031906,0.444444444444444,"Peripherals"
"OTU_541",2,0,1166,0.000242512659917853,1.34020766073095e-05,0.00114121036465772,1,0,0,"Peripherals"
"OTU_5425",2,0,1,0.587907298302292,4.76312404447697e-18,0.00179515308666547,1,1.15470053837925,0,"Peripherals"
"OTU_547",1,0,0,1.22230114285782,0,0.00123001230012231,1,0,0,"Peripherals"
"OTU_548",7,0.571428571428571,488,0.000407833327715839,0.301454730297719,0.00123031318074079,6,-0.197649778645495,0.448979591836735,"Peripherals"
"OTU_550",2,0,1,0.606539667995069,1.20559869332263e-17,0.00179515308666547,1,1.15470053837925,0,"Peripherals"
"OTU_553",1,0,0,1.24677316117664,6.03750468938551e-18,0.00123001230012231,1,0,0,"Peripherals"
"OTU_555",1,0,0,0.000259465067117681,2.63681611784722e-05,0.000587784632361789,1,-0.909902758503789,0,"Peripherals"
"OTU_557",1,0,0,0.000283944032789775,0.000190288577549329,0.000443062940728777,1,-0.909902758503789,0,"Peripherals"
"OTU_558",5,0.5,28,0.000372537901967272,0.10440662700006,0.000926303117596582,4,-0.46525993461037,0,"Peripherals"
"OTU_5599",1,0,0,0.00021748177663224,5.12123556904586e-08,0.000730516282018584,1,-0.881419879685137,0,"Peripherals"
"OTU_56",11,0.218181818181818,1428,0.000390681877390666,0.145191599603101,0.00236964795551206,5,0.811534892719595,0.429752066115702,"Peripherals"
"OTU_560",2,1,0,0.000367086115560621,0.00782783374964756,0.000545969688355126,2,-0.909902758503789,0.5,"Peripherals"
"OTU_5621",1,0,0,0.000279263180746375,0.00130641432230334,0.000536158213027717,1,-0.802225572149362,0,"Peripherals"
"OTU_563",1,0,0,0.000269759216913227,0.00033778558578529,0.000570529756804968,1,-0.802225572149362,0,"Peripherals"
"OTU_5633",3,1,0,0.000380651899212854,0.144206553569397,0.0006077505187057,3,-0.755471576991095,0,"Peripherals"
"OTU_565",4,0.166666666666667,803,0.000381563031090477,0.0124236397939328,0.000960171442038183,3,-0.418063429582822,0.375,"Peripherals"
"OTU_566",1,0,0,1.24418138775192,0,0.00123001230012231,1,0,0,"Peripherals"
"OTU_568",1,0,0,0.000147313213672733,1.5966937447124e-14,0.000545235291993223,1,-0.873358518616963,0,"Peripherals"
"OTU_57",3,0.333333333333333,19,0.0275549411652733,4.87760972577177e-17,0.0012716340100029,2,-0.0223299971088237,0,"Peripherals"
"OTU_5706",1,0,0,0.000349817927591896,0.0199255729508546,0.000359302424091798,1,-0.802225572149362,0,"Peripherals"
"OTU_571",13,0.230769230769231,3142,0.000422431165408546,0.184962806944651,0.00259427255896128,5,0.55048081372217,0.142011834319526,"Peripherals"
"OTU_575",1,0,0,0.00032519511329517,0.00124596982643237,0.000443519333942397,1,-0.909902758503789,0,"Peripherals"
"OTU_577",2,0,14456,0.000199922405094637,3.48108377805996e-10,0.000935631546988707,2,-0.394537706977143,0,"Peripherals"
"OTU_579",17,0.220588235294118,3687,0.000468475914644563,0.259655503421378,0.00298888829311149,6,1.27600991967398,0,"Peripherals"
"OTU_58",5,0.2,18171,0.000300588508545969,1.00101165576087e-05,0.0018546804888952,2,0.909152107382112,0.32,"Peripherals"
"OTU_580",2,0,1,0.610828147094522,0,0.00179515308666547,1,1.15470053837925,0,"Peripherals"
"OTU_5805",1,0,0,0.000205627680340833,4.00341955693167e-09,0.000635843848026255,1,-0.768570894265581,0,"Peripherals"
"OTU_581",1,0,0,1.22387517306968,7.37945064169886e-18,0.00123001230012231,1,0,0,"Peripherals"
"OTU_585",1,0,0,1.16009891131775,4.25733872376254e-18,0.00123001230012325,1,0,0,"Peripherals"
"OTU_58586",1,0,0,1.20427039900577,2.96776252660327e-18,0.00123001230012325,1,0,0,"Peripherals"
"OTU_588",1,0,0,1.19776166015165,9.00721191266776e-18,0.00123001230012325,1,0,0,"Peripherals"
"OTU_58996",1,0,0,0.021345381242554,1.96065357375144e-17,0.000512681579508081,1,-0.960189875679424,0,"Peripherals"
"OTU_59",4,0.5,2,0.0276606672561611,5.72202364621544e-17,0.00161400702929505,2,0.446599942176476,0,"Peripherals"
"OTU_590",2,1,0,0.00031906271973921,0.000163899033717126,0.000770239293586537,2,-0.501017615821025,0,"Peripherals"
"OTU_593",2,0,316,0.000361453683089103,0.0015051292221428,0.000604082547958377,2,-0.663983094043305,0,"Peripherals"
"OTU_59413",1,0,0,1.17697107793028,5.88698486111916e-18,0.00123001230012325,1,0,0,"Peripherals"
"OTU_5955",1,0,0,1.22908154141917,6.55688380824626e-18,0.00123001230012231,1,0,0,"Peripherals"
"OTU_5965",1,0,0,0.0950867983117824,5.64406914142627e-18,0.00080300000934816,1,-0.816496580927726,0,"Peripherals"
"OTU_598",1,0,0,0.000347497290007788,0.00417473611036719,0.000365345453528206,1,-1.04568321937182,0,"Peripherals"
"OTU_60",5,0.2,1268,0.000390740676349337,0.0336674158717219,0.00118339581945794,3,-0.172143765122338,0.32,"Peripherals"
"OTU_604",8,0.25,5997,0.000447836555535384,0.0740223217951048,0.00160619605617177,5,-0.46525993461037,0.53125,"Peripherals"
"OTU_608",1,0,0,1.14918427812973,8.1040645192959e-18,0.00123001230012231,1,0,0,"Peripherals"
"OTU_61",1,0,0,1.2352726143217,2.75283307598134e-18,0.00123001230012325,1,0,0,"Peripherals"
"OTU_610",12,0.257575757575758,4428,0.00044937499843021,0.200254664499803,0.00233224812379511,6,0.405374992531807,0.152777777777778,"Peripherals"
"OTU_6140",2,0,584,0.000385884997387283,0.00308036700120492,0.000825316063900391,1,-0.663983094043305,0,"Peripherals"
"OTU_619",5,0.4,94,0.000360086978709903,0.0182950552686799,0.00115561184565377,3,0.073775899338145,0,"Peripherals"
"OTU_6233",2,0,1166,0.000137861806757997,1.23203353484673e-15,0.00110385940945941,1,-0.335907122544986,0,"Peripherals"
"OTU_6242",1,0,0,1.20774556348705,6.69553395020824e-18,0.00123001230012231,1,0,0,"Peripherals"
"OTU_626",1,0,0,1.23037138800803,6.78549928054814e-18,0.00123001230012231,1,0,0,"Peripherals"
"OTU_6269",1,0,0,0.00027307438172877,0.000312159679518504,0.000543388566298533,1,-1.20455918504371,0,"Peripherals"
"OTU_627",1,0,0,1.21558860209934,0,0.00123001230012231,1,0,0,"Peripherals"
"OTU_629",1,0,0,1.23613451103186,1.09673783158766e-17,0.00123001230012231,1,0,0,"Peripherals"
"OTU_63",7,0.19047619047619,2694,0.000403713768143794,0.077270239269646,0.00191818636853696,3,-0.610365755800732,0.571428571428571,"Peripherals"
"OTU_630",1,0,0,0.00027883050802595,0.000254613450579066,0.000496595076554315,1,-0.909902758503789,0,"Peripherals"
"OTU_631",1,0,0,1.16009891131775,4.14049348843627e-18,0.00123001230012231,1,0,0,"Peripherals"
"OTU_6324",9,0.305555555555556,2810,0.000410336494253677,0.308384319461975,0.00160884201710408,6,-0.0299424710392811,0.197530864197531,"Peripherals"
"OTU_633",3,0.666666666666667,3,0.0255781867640065,4.84037332400957e-17,0.00107118941618624,3,-0.0223299971088237,0,"Peripherals"
"OTU_637",1,0,0,1.17469239432181,6.05209273827601e-18,0.00123001230012231,1,0,0,"Peripherals"
"OTU_638",4,0.166666666666667,1481,0.000395174841119028,0.00370477823170243,0.00129359749636329,3,-0.120615351956913,0.375,"Peripherals"
"OTU_6386",5,0.1,12967,0.000170530751950146,3.34279611677334e-12,0.00209144854374462,2,0.738995669598969,0.32,"Peripherals"
"OTU_64",18,0.104575163398693,34643,0.000471216311979057,0.0455197434084736,0.00395893815599522,5,1.05745455718008,0.648148148148148,"Connectors"
"OTU_642",1,0,0,1.18966614655175,2.00739800277343e-19,0.00123001230012231,1,0,0,"Peripherals"
"OTU_643",2,0,584,0.000338890466471633,0.00528131189086019,0.000908237310622186,1,-0.707106781186547,0.5,"Peripherals"
"OTU_649",10,0.155555555555556,2111,0.000396986579174847,0.0386545924245986,0.00220773408101216,5,1.05745455718008,0.18,"Peripherals"
"OTU_650",5,0.3,16645,0.00038501714706679,0.00101390741194609,0.00160209731293335,3,0.64018917577131,0,"Peripherals"
"OTU_6501",1,0,0,1.21556976698574,6.90374634849812e-18,0.00123001230012231,1,0,0,"Peripherals"
"OTU_651",2,1,0,0.000319628279261213,0.000161868078497637,0.000752819354657118,2,-0.501017615821025,0,"Peripherals"
"OTU_652",2,1,0,0.000296652596476027,8.05083390900748e-05,0.000892968731761682,2,-0.577350269189626,0,"Peripherals"
"OTU_654",4,0.333333333333333,48,0.000419465383962837,0.0260022393336399,0.000862052527029183,4,-0.663983094043305,0.5,"Peripherals"
"OTU_663",27,0.236467236467236,2609,0.000426286995251523,0.94526223636378,0.00421485147693493,7,2.37179734374594,0.312757201646091,"Peripherals"
"OTU_665",2,0,584,0.000309499193853839,0.00496182645331561,0.000918665300427319,1,-0.651081623773395,0,"Peripherals"
"OTU_666",4,0.666666666666667,268,0.000346558502446312,0.0487021968043724,0.000881455219066964,3,-0.610365755800732,0,"Peripherals"
"OTU_669",7,0.0952380952380952,2437,0.000408086596388759,0.0133982898891097,0.00177148138266908,4,0.259786911907198,0.571428571428571,"Peripherals"
"OTU_6691",2,0,584,0.000183231947314592,2.30611609400949e-11,0.00117161083576286,1,-0.394537706977143,0,"Peripherals"
"OTU_671",3,0,1748,0.000340802547641349,0.000449166206975846,0.00142423927051993,1,-0.120615351956913,0,"Peripherals"
"OTU_675",9,0.305555555555556,1606,0.000395139818170436,0.265032684081733,0.00164995506354981,6,0.255782066482405,0.197530864197531,"Peripherals"
"OTU_6751",2,0,584,0.000296133601262743,0.00204231713790528,0.00105531976227281,1,-0.651081623773395,0,"Peripherals"
"OTU_6760",1,0,0,1.17697107793028,4.36758329857912e-18,0.00123001230012231,1,0,0,"Peripherals"
"OTU_678",1,0,0,0.0802489496253313,7.59049386161665e-18,0.000787238659113191,1,-0.750939261482638,0,"Peripherals"
"OTU_68",2,0,140,0.000382405361545147,0.0106348327458955,0.000533845997507771,2,-0.663983094043305,0,"Peripherals"
"OTU_680",1,0,0,0.000341735063626435,0.000911729913589373,0.000398445929135474,1,-0.881419879685137,0,"Peripherals"
"OTU_687",2,0,14,0.000234371777977113,1.09299354462463e-07,0.000861011226162465,2,-1.04638261415677,0.5,"Peripherals"
"OTU_6871",2,1,0,0.000157707590449586,2.47655668598634e-13,0.000885916230867339,2,-0.335907122544986,0,"Peripherals"
"OTU_689",1,0,0,1.23135381205847,0,0.00123001230012231,1,0,0,"Peripherals"
"OTU_6897",1,0,0,0.000306455219950156,0.00695047052123644,0.000414139551688995,1,-1.04568321937182,0,"Peripherals"
"OTU_691",4,0.666666666666667,0,0.000401203190793415,0.0483759899974139,0.000873998687371415,4,-0.610365755800732,0,"Peripherals"
"OTU_693",1,0,0,0.000271515512445589,4.97783127964214e-06,0.000597236529275148,1,-0.881419879685137,0,"Peripherals"
"OTU_698",4,0.5,1087,0.000416433981135016,0.0185317943310246,0.00087647035885343,4,-0.418063429582822,0.375,"Peripherals"
"OTU_6984",1,0,0,1.24931286508003,0,0.00123001230012231,1,0,0,"Peripherals"
"OTU_7",1,0,0,0.000188788506467975,1.73291728546387e-10,0.000681967621996824,1,-0.768570894265581,0,"Peripherals"
"OTU_70",2,0,1201,0.000305133838003607,0.00126465915037665,0.000870218332483898,2,-1.73205080756888,0.5,"Peripherals"
"OTU_703",3,0,599,0.000283474865521336,0.000237692098305256,0.00122487877632995,2,-0.418063429582822,0,"Peripherals"
"OTU_704",1,0,0,0.000264725463230696,8.07871950853496e-05,0.00059025952889513,1,-0.707106781186547,0,"Peripherals"
"OTU_709",8,0.285714285714286,2474,0.000387507253950507,0.193580125455105,0.00163329947710001,4,0.200759864173952,0.625,"Connectors"
"OTU_7094",1,0,0,0.000262112706109587,0.000120284035765088,0.000546629152611022,1,-0.836660026534075,0,"Peripherals"
"OTU_710",3,0,10728,0.0002815608543532,1.49668199628194e-06,0.00153500768434462,2,0.257307200202485,0,"Peripherals"
"OTU_711",1,0,0,0.000220723474671775,4.99103000173338e-07,0.000639840374127467,1,-0.726273039202563,0,"Peripherals"
"OTU_715",1,0,0,1.2342233334808,5.06054860968499e-18,0.00123001230012231,1,0,0,"Peripherals"
"OTU_721",2,1,0,0.0231570687960508,2.94104765532914e-17,0.000835824163858324,2,-0.491259936394124,0,"Peripherals"
"OTU_722",6,0.4,155,0.000403186866989846,0.0408409326037615,0.00124347409576267,5,-0.320154113420007,0,"Peripherals"
"OTU_723",1,0,0,0.000349331875385617,0.00100491499062239,0.000383699954350003,1,-0.909902758503789,0,"Peripherals"
"OTU_724",2,1,0,0.000352678324351678,0.0174583438157748,0.000523899939442559,2,-0.900577398181458,0,"Peripherals"
"OTU_7242",2,1,0,0.00023441594085835,6.34864324744036e-08,0.000839136439790337,2,-0.394537706977143,0,"Peripherals"
"OTU_726",4,0.166666666666667,597,0.00037076399343392,0.0597821386493206,0.000995666996435184,3,-0.736119501971158,0.625,"Connectors"
"OTU_727",1,0,0,1.2352726143217,7.91808591390114e-18,0.00123001230012231,1,0,0,"Peripherals"
"OTU_73",5,0.3,1153,0.000264384470698344,7.96326712702486e-07,0.00192132423867702,2,1.56099701456174,0,"Peripherals"
"OTU_730",4,0.5,584,0.000417199586363438,0.069967558713168,0.00097134719707664,3,-0.610365755800732,0,"Peripherals"
"OTU_731",1,0,0,1.22155287306574,1.3417310561459e-18,0.00123001230012231,1,0,0,"Peripherals"
"OTU_735",1,0,0,1.19776166015165,8.00109207090534e-18,0.00123001230012231,1,0,0,"Peripherals"
"OTU_7364",1,0,0,1.23241538291688,2.19001546795668e-18,0.00123001230012231,1,0,0,"Peripherals"
"OTU_740",1,0,0,0.000281731904611298,0.000201375912919286,0.000458128235864589,1,-0.909902758503789,0,"Peripherals"
"OTU_744",1,0,0,0.0875548013014539,7.08405478886374e-18,0.000747876669763943,1,-0.750939261482638,0,"Peripherals"
"OTU_746",1,0,0,0.000357448366872093,0.0658048327927245,0.000322836906717209,1,-1.04568321937182,0,"Peripherals"
"OTU_749",2,0,12919,0.000286324659560715,6.50255691731472e-06,0.000978301319607548,2,-0.153714178853116,0,"Peripherals"
"OTU_75",26,0.126153846153846,24614,0.000486194424457095,0.363395227063699,0.004819224859552,6,2.14664484681616,0.21301775147929,"Peripherals"
"OTU_750",1,0,0,0.000356696103551581,0.0218732057084622,0.000339439015468921,1,-1.04568321937182,0,"Peripherals"
"OTU_755",1,0,0,0.00024864780096672,6.25087414538633e-06,0.000587154154580642,1,-0.726273039202563,0,"Peripherals"
"OTU_759",3,0,165,0.00036276474292488,0.0375637635589463,0.000709715495591914,3,-0.900577398181458,0.444444444444444,"Peripherals"
"OTU_76",3,0,177,0.000365338289344281,0.00629757607027865,0.000787295482844856,3,-0.900577398181458,0.444444444444444,"Peripherals"
"OTU_764",5,0.1,3483,0.000281443962516446,9.32580973457123e-05,0.00243797030845118,2,1.18019368870416,0.32,"Peripherals"
"OTU_768",1,0,0,1.2303474076154,4.19716211505106e-18,0.00123001230012231,1,0,0,"Peripherals"
"OTU_77",12,0.287878787878788,838,0.000395755924167805,0.369256005166196,0.00205062142379353,6,-0.320154113420007,0.625,"Connectors"
"OTU_7735",1,0,0,0.398530478862825,6.68387004177065e-18,0.000971589592706826,1,-0.577350269189626,0,"Peripherals"
"OTU_774",4,0.666666666666667,3,0.000355754367283786,0.00852434707903392,0.000958678043477006,4,-0.172143765122338,0,"Peripherals"
"OTU_777",2,0,16,0.000362361995580148,0.0128301997021598,0.000635331886406111,2,-0.923132662754102,0.5,"Peripherals"
"OTU_782",3,0.333333333333333,124,0.000291748366151977,2.382613547065e-05,0.00106783174902364,2,-0.120615351956913,0,"Peripherals"
"OTU_784",1,0,0,1.22492631366171,4.56825792217418e-18,0.00123001230012231,1,0,0,"Peripherals"
"OTU_785",2,1,0,0.000237815459908758,1.11370769251155e-07,0.000853776814937736,2,-0.394537706977143,0,"Peripherals"
"OTU_79",1,0,0,0.000261069011655168,1.66669358285053e-05,0.000644732824744044,1,-0.909902758503789,0,"Peripherals"
"OTU_790",10,0.355555555555556,251,0.000389576099021278,0.162744675549248,0.00170505369609391,6,0.260269171341445,0,"Peripherals"
"OTU_7910",1,0,0,0.00032033198945667,0.00582038178172121,0.000418184491702202,1,-1.04568321937182,0,"Peripherals"
"OTU_796",2,0,584,0.000271357299785911,3.73621181780333e-05,0.00125027395020235,1,0.239045721866879,0,"Peripherals"
"OTU_798",2,0,160,0.000316332031220751,0.000115016706043026,0.00074258255343938,2,-0.501017615821025,0,"Peripherals"
"OTU_799",2,0,584,0.000216426247894381,9.60428783121193e-07,0.00129403575655142,1,0,0,"Peripherals"
"OTU_80",4,0.166666666666667,879,0.000321412534649999,0.00374671249382512,0.0014851078388198,3,-0.172143765122338,0,"Peripherals"
"OTU_8002",10,0.288888888888889,946,0.00038520052895886,0.208795573403124,0.00187888790679524,5,0.406926014858372,0.18,"Peripherals"
"OTU_802",2,1,0,0.000215853382824137,4.82521314959332e-09,0.000948955948907978,2,-0.394537706977143,0,"Peripherals"
"OTU_806",2,0,1,0.000324427823894083,7.71563245288527e-05,0.000791627577188296,2,-0.501017615821025,0,"Peripherals"
"OTU_81",7,0.142857142857143,3187,0.000388380849355593,0.017413358754761,0.00205792624035477,4,0.565615228259112,0,"Peripherals"
"OTU_816",9,0.416666666666667,308,0.000405534279726834,0.422752314479603,0.0013960981389493,7,-0.0465058302695282,0.444444444444444,"Peripherals"
"OTU_817",2,0,4,0.137156992254755,2.68009974302218e-17,0.00146000299369788,1,0.408248290463863,0,"Peripherals"
"OTU_821",6,0.333333333333333,1212,0.000375776813086188,0.103865418913081,0.00138761363440216,4,-0.348793727021462,0.444444444444444,"Peripherals"
"OTU_822",4,0.166666666666667,15,0.000354584152949852,0.0422811130175246,0.00098933983195876,3,-0.418063429582822,0.375,"Peripherals"
"OTU_824",1,0,0,0.389760922134085,6.58128494221162e-18,0.000941837609941443,1,-0.577350269189626,0,"Peripherals"
"OTU_825",1,0,0,1.2472255901586,4.03494717623413e-19,0.00123001230012231,1,0,0,"Peripherals"
"OTU_827",2,1,0,0.000259219576985141,7.41276939528879e-07,0.000877636886020354,2,-0.501017615821025,0,"Peripherals"
"OTU_830",22,0.238095238095238,3406,0.000436617694944126,0.818889023564668,0.0034741384478328,7,0.405374992531807,0.574380165289256,"Peripherals"
"OTU_831",24,0.206521739130435,4276,0.000434943608948265,0.778906524202003,0.00393598088926599,7,1.76722155024207,0.402777777777778,"Peripherals"
"OTU_834",8,0.357142857142857,779,0.000433700510645322,0.110728219303134,0.00150353478949993,5,-0.320154113420007,0.375,"Peripherals"
"OTU_837",3,0.666666666666667,1152,0.000262542581332087,7.64691480650273e-07,0.00119218500596586,2,0.257307200202485,0,"Peripherals"
"OTU_84",3,0.333333333333333,29,0.000309680245529305,0.000827477574300277,0.00102994375670836,2,-0.418063429582822,0,"Peripherals"
"OTU_842",1,0,0,1.21565976476175,5.78846075969404e-18,0.00123001230012231,1,0,0,"Peripherals"
"OTU_849",1,0,0,1.23521330844424,3.86423536398571e-18,0.00123001230012231,1,0,0,"Peripherals"
"OTU_85",17,0.301470588235294,2094,0.000426952231158137,0.62597038358391,0.0026518862263121,7,0.260269171341445,0.567474048442907,"Peripherals"
"OTU_850",8,0.5,652,0.000391161916626284,0.339607549594537,0.00138013800620563,6,0.104638118106439,0.21875,"Peripherals"
"OTU_853",1,0,0,1.24371385997885,4.73233322707992e-18,0.00123001230012231,1,0,0,"Peripherals"
"OTU_855",1,0,0,0.000360531412073446,0.00837457354455658,0.000369332340517952,1,-1.04568321937182,0,"Peripherals"
"OTU_869",1,0,0,0.000196176803798727,6.55131427896168e-08,0.000722182818988253,1,-1.73205080756888,0,"Peripherals"
"OTU_87",3,0.333333333333333,19,0.0218081480727093,3.18070652064685e-17,0.00137078755290028,2,-0.0223299971088237,0,"Peripherals"
"OTU_873",1,0,0,0.000367229123573763,0.0304038286949696,0.000342969952038824,1,-1.04568321937182,0,"Peripherals"
"OTU_875",2,1,0,0.000359318874243156,0.038954718452885,0.000523618896712876,2,-0.909902758503789,0.5,"Peripherals"
"OTU_876",6,0.4,2919,0.000406142137655725,0.202632023781699,0.00119153633949337,5,-0.610365755800732,0.5,"Peripherals"
"OTU_880",1,0,0,1.21534518352025,5.02263088192398e-18,0.00123001230012231,1,0,0,"Peripherals"
"OTU_881",2,0,0,0.000419134046795792,0.0390539738124873,0.000505453137436261,2,-0.900577398181458,0,"Peripherals"
"OTU_885",1,0,0,0.000147058412665298,1.63679315470721e-14,0.000554265377784137,1,-0.873358518616963,0,"Peripherals"
"OTU_888",1,0,0,0.403123267675871,4.48719473676505e-18,0.000953108202120865,1,-0.577350269189626,0,"Peripherals"
"OTU_892",2,0,4706,0.000416503235861474,0.0351959527732103,0.000579830505992589,2,-0.881419879685137,0.5,"Peripherals"
"OTU_8924",3,0.666666666666667,0,0.000319824922850235,0.0218736962719505,0.00102396709799397,2,-0.499937675397428,0,"Peripherals"
"OTU_896",3,0,120,0.000357735909585103,0.00144741086726163,0.0008854498171365,3,-0.501017615821025,0.444444444444444,"Peripherals"
"OTU_898",11,0.127272727272727,8735,0.000447607501721475,0.0658849813152786,0.00228653043828571,5,0.565615228259112,0.545454545454545,"Peripherals"
"OTU_904",1,0,0,0.000366384362721515,0.00466701994569554,0.000365550359829086,1,-0.909902758503789,0,"Peripherals"
"OTU_906",1,0,0,0.000248581921053202,6.26509066063039e-06,0.000588069916530677,1,-0.726273039202563,0,"Peripherals"
"OTU_908",1,0,0,0.000254893420358097,7.55531462436364e-07,0.000536564527406683,1,-0.881419879685137,0,"Peripherals"
"OTU_91",4,0.166666666666667,1256,0.000367964831474952,0.0351936616421461,0.0010116107780099,2,-0.207019667802706,0.625,"Connectors"
"OTU_917",2,0,45,0.000381349877099879,0.0829350368824098,0.000466669753009667,2,-0.900577398181458,0,"Peripherals"
"OTU_9177",2,0,584,0.000323169243923341,0.0187755380236828,0.000814819640447484,1,-0.651081623773395,0,"Peripherals"
"OTU_919",1,0,0,1.20427039900577,4.49014838162933e-18,0.00123001230012231,1,0,0,"Peripherals"
"OTU_92",5,0.4,16,0.0259086585262357,5.26908543875612e-17,0.00168917038742101,3,0.915529881461776,0,"Peripherals"
"OTU_922",17,0.169117647058824,4363,0.00046109477747841,0.173488560866266,0.00303143464095518,6,0.985798277293259,0.214532871972318,"Peripherals"
"OTU_929",1,0,0,0.000278301144058405,0.00146875747012963,0.000469301993201998,1,-0.802225572149362,0,"Peripherals"
"OTU_935",2,1,0,0.000217895044912903,4.67933895830291e-09,0.000888493271861359,2,-0.394537706977143,0,"Peripherals"
"OTU_94",14,0.43956043956044,838,0.000410083432071066,0.62101357166441,0.00223569095347522,7,0.860357859986272,0.244897959183674,"Peripherals"
"OTU_941",1,0,0,0.00033340350315149,0.0115229075574037,0.000357142778370542,1,-1.04568321937182,0,"Peripherals"
"OTU_944",1,0,0,1.18183962162824,4.57360935153076e-19,0.00123001230012231,1,0,0,"Peripherals"
"OTU_945",3,0,2904,0.000303892402799746,0.000760571317022863,0.00135380472437243,2,-0.169515875905202,0.444444444444444,"Peripherals"
"OTU_949",3,0,1748,0.000311786189376637,0.000542264062939827,0.00160668968847063,1,1.43427433120127,0,"Peripherals"
"OTU_953",8,0.357142857142857,151,0.000381786028306505,0.308326309768334,0.00134267386705251,6,-0.348793727021462,0.59375,"Peripherals"
"OTU_956",5,0.4,1166,0.000370719291364491,0.0650853323494233,0.00121685639877706,4,-0.267679818898603,0.48,"Peripherals"
"OTU_957",1,0,0,0.413932909286471,7.52853432391644e-18,0.000945390520693579,1,-0.577350269189626,0,"Peripherals"
"OTU_960",1,0,0,1.23416912949061,2.98401591126241e-18,0.00123001230012231,1,0,0,"Peripherals"
"OTU_967",11,0.327272727272727,1388,0.000408872045186693,0.378982478091143,0.00179615886086773,6,-0.0299424710392811,0.396694214876033,"Peripherals"
"OTU_97",3,0.333333333333333,584,0.000231972350789077,4.45736771317411e-06,0.00157111273174693,2,0.847579379526013,0,"Peripherals"
"OTU_971",4,0.333333333333333,332,0.000367432039220697,0.00136755740364536,0.00117019364572834,3,0.259786911907198,0,"Peripherals"
"OTU_973",1,0,0,0.000240234549316163,2.55117489469381e-06,0.000714716765345323,1,-0.956182887467515,0,"Peripherals"
"OTU_975",1,0,0,0.000209076127336072,7.88150679603208e-09,0.000558558847452663,1,-1.04638261415677,0,"Peripherals"
"OTU_985",2,0,584,0.000248835736100735,1.00799742942496e-07,0.0012071511390821,1,-0.394537706977143,0,"Peripherals"
"OTU_986",1,0,0,0.0816610778132571,6.2692272294908e-18,0.000756558731356106,1,-0.750939261482638,0,"Peripherals"
"OTU_99",2,0,584,0.00029816537825851,0.000244528329224314,0.00107708357020065,1,-0.663983094043305,0,"Peripherals"
"OTU_998",1,0,0,0.000349006284279388,0.0046867206875475,0.000381934686803256,1,-1.04568321937182,0,"Peripherals"
